tag_id,entity_type,entity_id
fa856607-7cf8-40dd-b10a-17dcce451d3f,area,57e87863-7ee7-410d-b25d-096c29474fbd
fa856607-7cf8-40dd-b10a-17dcce451d3f,program,192210a5-0a3e-4779-838b-e80e2d9b6faf
fa856607-7cf8-40dd-b10a-17dcce451d3f,organization,4ae25353-5ebb-4725-936a-84b5eb4684e4
fa856607-7cf8-40dd-b10a-17dcce451d3f,project,9dd68fa2-8f12-47a3-9c7b-6b74c0bf9992
fa856607-7cf8-40dd-b10a-17dcce451d3f,project,d5f8fb75-ba6d-4a26-9795-0b42c1a139fb
fa856607-7cf8-40dd-b10a-17dcce451d3f,project,79287625-ebda-433d-af86-cab2dd5b8277
fa856607-7cf8-40dd-b10a-17dcce451d3f,project,ea68d9fd-278f-4908-a2b3-81c97de756da
fa856607-7cf8-40dd-b10a-17dcce451d3f,project,e6fb2aaf-733f-4b77-8123-d214b90fa238
fa856607-7cf8-40dd-b10a-17dcce451d3f,project,35412708-cd7c-4c68-a39f-ca89aea5ade2
fa856607-7cf8-40dd-b10a-17dcce451d3f,project,a384618f-96c6-4ad0-ae79-6f43ec54f2b5
fa856607-7cf8-40dd-b10a-17dcce451d3f,project,c76d0fb8-bed6-4e1b-a0b4-2f93441ccf97
fa856607-7cf8-40dd-b10a-17dcce451d3f,project,a25a013c-f983-4219-aaa4-519f081748f9
fa856607-7cf8-40dd-b10a-17dcce451d3f,project,20ee034e-e9ae-47ae-8ab4-42b3a2bc6963
fa856607-7cf8-40dd-b10a-17dcce451d3f,project,1dcdb06b-2dae-4dc2-9b51-cce8f20cbe54
fa856607-7cf8-40dd-b10a-17dcce451d3f,project,e438c91f-2820-4941-8cef-fabdbe02d854
fa856607-7cf8-40dd-b10a-17dcce451d3f,project,c07f3b25-b5f8-4186-9ea6-157c5350eccc
fa856607-7cf8-40dd-b10a-17dcce451d3f,project,b2acd1a6-2364-4cfe-9b64-eeb0fdaaa7d5
fa856607-7cf8-40dd-b10a-17dcce451d3f,project,0b58c6a1-73ac-4c24-accb-97026c1396f9
fa856607-7cf8-40dd-b10a-17dcce451d3f,project,7ea1c006-36aa-4b72-b944-9c923fa37434
fa856607-7cf8-40dd-b10a-17dcce451d3f,project,609fdd13-6537-4beb-9b5c-f6031dd8353b
fa856607-7cf8-40dd-b10a-17dcce451d3f,project,3b2274e9-4c58-4ec0-8d69-31f0679b2787
fa856607-7cf8-40dd-b10a-17dcce451d3f,project,2ea32190-1fcf-4118-9f7a-ecd9d68f92a5
fa856607-7cf8-40dd-b10a-17dcce451d3f,project,a6ae08be-73c2-430f-afcb-9019aab546ee
fa856607-7cf8-40dd-b10a-17dcce451d3f,project,19cbd6f3-c84e-4250-a37f-583c129fb4c6
fa856607-7cf8-40dd-b10a-17dcce451d3f,person,6f790c53-9404-4b7e-86de-4498a071899d
fa856607-7cf8-40dd-b10a-17dcce451d3f,person,d52e9454-21e6-44ed-bae7-66d750ccb17b
fa856607-7cf8-40dd-b10a-17dcce451d3f,person,80352a40-7fd6-4037-902a-497ec4015e71
fa856607-7cf8-40dd-b10a-17dcce451d3f,person,a7b76dfc-363e-4f7e-baa2-7d098e14a81c
fa856607-7cf8-40dd-b10a-17dcce451d3f,person,6862f0c2-aa21-43d1-a809-b068fb14bb0a
591862f3-97be-4dd5-bc66-b0a5648a0fcc,person,afcbe118-dfca-403b-9e48-a6ea620cf3f0
591862f3-97be-4dd5-bc66-b0a5648a0fcc,person,6704ee7d-106b-4dc0-83d0-f0721c6e8722
591862f3-97be-4dd5-bc66-b0a5648a0fcc,person,7987c472-3005-400c-aa89-e2eb1118f2c4
591862f3-97be-4dd5-bc66-b0a5648a0fcc,person,16159caa-3dfa-4714-8d15-35a40ad7ef49
591862f3-97be-4dd5-bc66-b0a5648a0fcc,person,c3eec271-23b9-4cf3-a4da-115881a0ad24
591862f3-97be-4dd5-bc66-b0a5648a0fcc,person,8241152d-d701-4628-a81c-440248ede3f2
591862f3-97be-4dd5-bc66-b0a5648a0fcc,person,9f52563a-f6ed-40af-9d62-03bad9ebff01
591862f3-97be-4dd5-bc66-b0a5648a0fcc,person,62dc98b1-b075-483b-a5c2-657bab24e67e
591862f3-97be-4dd5-bc66-b0a5648a0fcc,person,c9263343-3c22-4239-a0da-b3ef82312024
591862f3-97be-4dd5-bc66-b0a5648a0fcc,person,fa354f3a-bd64-4649-a00e-98459fb86712
591862f3-97be-4dd5-bc66-b0a5648a0fcc,person,53979b2a-15be-4e23-b9c7-e66a7aeff86e
591862f3-97be-4dd5-bc66-b0a5648a0fcc,person,358a5577-fdbd-487d-a694-7b9fafed7047
591862f3-97be-4dd5-bc66-b0a5648a0fcc,person,30e965ab-baf4-4e50-afb4-d23812e4c7eb
591862f3-97be-4dd5-bc66-b0a5648a0fcc,person,c2513143-f965-4337-add0-16b615197d9a
591862f3-97be-4dd5-bc66-b0a5648a0fcc,person,d74e5f88-a0c0-4be6-b356-9002a490e76a
591862f3-97be-4dd5-bc66-b0a5648a0fcc,organization,eed87dec-a21b-4739-a151-d517ac695fad
591862f3-97be-4dd5-bc66-b0a5648a0fcc,organization,3e12a9a9-5437-49bc-9d4d-b4ea35f8ed00
591862f3-97be-4dd5-bc66-b0a5648a0fcc,organization,58ef62bb-70b9-4818-b6c6-76ee0befd6d2
591862f3-97be-4dd5-bc66-b0a5648a0fcc,organization,eed6e705-5088-494e-8eec-c669127621a0
591862f3-97be-4dd5-bc66-b0a5648a0fcc,organization,8776190c-f1df-47ab-8cb5-463a4960fe02
591862f3-97be-4dd5-bc66-b0a5648a0fcc,organization,052356af-c543-49c2-b754-4505fb23cc2d
591862f3-97be-4dd5-bc66-b0a5648a0fcc,organization,e6e84124-3797-42b8-9fe8-f2fdceefc18f
591862f3-97be-4dd5-bc66-b0a5648a0fcc,organization,2496e714-142e-4c75-8199-47f0d46947f3
591862f3-97be-4dd5-bc66-b0a5648a0fcc,organization,64a91cf8-923c-4546-8340-4dab52da3e37
591862f3-97be-4dd5-bc66-b0a5648a0fcc,organization,f21896bf-9d9b-470e-82f1-d646db33e163
591862f3-97be-4dd5-bc66-b0a5648a0fcc,organization,4ae25353-5ebb-4725-936a-84b5eb4684e4
591862f3-97be-4dd5-bc66-b0a5648a0fcc,organization,dca4b238-8abc-4f71-9f6d-29dd75492286
95ac3187-a8bb-4204-9630-dbd7f37e1837,note,a462f247-64c7-4ebe-8fdf-e46afb5754f1
0ab37136-9ce6-4638-826d-ec9a2632d43c,note,e81dbaa4-96f7-4d3b-adb1-7891bfc2e06a
4f1d9ae6-3fc9-49fa-b330-c0d3c0c939c9,note,7f093e4d-1a87-4dff-aee5-047aca6b0e1b
ee6509f5-5df6-4c62-a19b-10b4efa1d2c8,note,49b07688-be02-425d-bda4-9ce231697bbc
85ecd82f-291a-4d5b-a7f1-924f5124eeaf,note,dd9f9e76-c066-4371-b9af-3049683e51f5
b53aac84-926f-4f93-aa8f-fc6d7db00a2c,note,05cbd8c2-b0ae-4264-bfac-540288ff7be5
c5eb68a6-bd71-4717-ad2c-f32b35cbe206,note,7f3b5466-4a02-47fe-9db1-c104ce0e0f28
95ae5521-be6c-4755-ab66-7299487c83a9,note,37115ca5-03a8-443a-b9c3-c7eeeb3a3edc
fa856607-7cf8-40dd-b10a-17dcce451d3f,note,ca3bff27-a9cb-4cd9-b163-82a1decec132
95ae5521-be6c-4755-ab66-7299487c83a9,note,cb70636e-ec71-4d04-8727-4d9674283c73
be908c98-736e-4696-bf5b-86d76cb7240a,note,c5ef9844-a08a-4eed-828a-667a84d36fe9
455bb8f4-dd7e-4303-b3ad-482f030f49c6,note,a25f5c81-4516-482a-b983-9c80672c62d5
60ad8b77-e3dd-4bb4-9e89-f580a455911c,note,d1a28946-7909-4ffb-bd8c-e22d5e364dfe
c67f5cbd-0a60-4497-97aa-b0cebe464b72,note,b4a1d6bf-43d1-44e6-aa5a-04a0a04ee7a7
95ac3187-a8bb-4204-9630-dbd7f37e1837,note,a34ecfc4-1af5-46c7-accd-0dba7c16237d
7d789d45-763e-472e-b1ca-0cadab850ce7,note,c5ef9844-a08a-4eed-828a-667a84d36fe9
c67f5cbd-0a60-4497-97aa-b0cebe464b72,note,80e7c216-b1ca-44c0-9c46-b0cd709c264d
df486d8d-f51a-439f-8b46-cc74fc888c58,note,173fa812-b971-4052-8a6d-c552d9cd7dc8
7cb22c77-949b-423d-a2f2-41fd86318b1e,note,6dfefec7-0594-4361-b981-19574cc548ee
95ae5521-be6c-4755-ab66-7299487c83a9,note,f2ca94c9-31ba-47c9-ab63-fa2aa1300c6e
95ac3187-a8bb-4204-9630-dbd7f37e1837,note,5a8c88a2-a035-4966-aaa3-ccd8985f8d19
95ae5521-be6c-4755-ab66-7299487c83a9,note,9028593c-f210-48d9-8f8c-0d6e53fe5834
b670cd11-c841-4bff-9e85-aa0ef46a7605,note,2a36eb62-21e6-4984-83b2-e80ec28b2bd7
62bb79f8-6d7e-4915-bda1-184cf485f9b3,note,1fa947a0-d50e-405e-887f-4f1eeeb7daca
2d4949ca-9b60-4818-a4b1-f5147e242eef,note,9eb1937f-e77a-4413-8173-9a72db99cc3e
7cb22c77-949b-423d-a2f2-41fd86318b1e,note,81bc1587-4f4b-42e2-8354-1d45d2f2a0c5
b4536fea-4bb5-434c-97c1-5c78b16d8efd,note,ba818216-e38e-4a67-b561-f8a3bdb8a736
022d02f2-48de-4a4d-b901-e9f492ddfddf,note,52ef2a86-921f-4c31-a814-7387ebe2e7f0
cfbe6945-9a44-4522-b5ea-507056bf5566,note,4e532438-f837-480d-86e9-341385919fc4
6ae4be5e-f878-4bfb-b2fb-8ef607c16d1d,note,840bba4a-2903-4377-9741-210de7ba5594
34023e37-103a-404a-8699-7d9c93946e48,note,661fe878-a506-4985-983a-5b4eb2785ce6
b53aac84-926f-4f93-aa8f-fc6d7db00a2c,note,b8e73c7d-3651-42b2-a8ee-c1aadaacdcfa
6dccc70b-3684-420e-84f7-e547028451c3,note,a462f247-64c7-4ebe-8fdf-e46afb5754f1
b4536fea-4bb5-434c-97c1-5c78b16d8efd,note,d2822c79-4b33-44bf-8c54-a8a17aab59ce
95ae5521-be6c-4755-ab66-7299487c83a9,note,59ef6d47-5b15-4141-95bb-09bc2f3dfad8
2d4949ca-9b60-4818-a4b1-f5147e242eef,note,7f3b5466-4a02-47fe-9db1-c104ce0e0f28
8a39b924-8b02-448b-9b3c-7d81a2581741,note,aea82867-37c8-44cf-95f7-8879d06cd5c3
c67f5cbd-0a60-4497-97aa-b0cebe464b72,note,4a940dab-10b6-4765-86c2-7cbc509d8685
fa856607-7cf8-40dd-b10a-17dcce451d3f,note,6b40505b-2037-49ad-b487-9cb1c77f0f4a
c67f5cbd-0a60-4497-97aa-b0cebe464b72,note,477415ec-d894-44ae-818a-cfad625ec37e
94b79f72-b60b-47b4-833a-492875ffe937,note,e8e0814d-e4b7-4dec-8c7b-6ff951090d32
fa856607-7cf8-40dd-b10a-17dcce451d3f,note,85937ba3-a758-4e2f-a85f-400bf9dec302
2b6d9b2c-6543-41e3-83c4-2f5d66c3518f,note,dea95d90-20fd-4165-8093-95003b186fa5
3d2e7c4f-0624-4af0-be73-982104c851e4,note,9edbbf25-e60a-44d5-aa7c-4517f72c647b
c67f5cbd-0a60-4497-97aa-b0cebe464b72,note,79e31dd2-5164-4477-9b1c-54ead45bd94e
95ac3187-a8bb-4204-9630-dbd7f37e1837,note,ed6ac985-4675-4fbd-b27e-7a4b70fd72b1
b53aac84-926f-4f93-aa8f-fc6d7db00a2c,note,84da9da3-fbf0-4079-b65e-ca86b3e80efc
f25edb08-42c9-4c6d-b48e-c1a77a9497ba,note,d6cef8cc-4692-456a-90bd-2241c8acf4d6
acc17325-d648-489c-9f22-2bb9c7fd4a40,note,e66335ce-122c-46ac-8778-d2f60e4e8b08
acc17325-d648-489c-9f22-2bb9c7fd4a40,note,a974fe51-e983-4ba5-9d85-99676bbb1d01
b4536fea-4bb5-434c-97c1-5c78b16d8efd,note,9bb114e2-1cf8-442c-9991-903820db1c74
0ab37136-9ce6-4638-826d-ec9a2632d43c,note,c11faa2d-5120-489f-b024-f10f49a7388b
ba62b499-1da2-49c1-bc7c-1d07a3587c40,note,30dea839-27ff-4949-8ab1-e33216c97552
6dccc70b-3684-420e-84f7-e547028451c3,note,493f3aa8-0b39-4b40-a3ad-bfd852a1d63f
8a39b924-8b02-448b-9b3c-7d81a2581741,note,2625fa6c-245c-4349-88b8-2c2dbaae0e7b
2c332563-90fd-424b-af38-1bb0d019f1d8,note,30dea839-27ff-4949-8ab1-e33216c97552
fe9641b2-75d3-45dd-baf3-7d58dccc60db,note,2ba8da4e-d42b-4d05-a1f3-ec885fb5a883
85ecd82f-291a-4d5b-a7f1-924f5124eeaf,note,9028593c-f210-48d9-8f8c-0d6e53fe5834
85ecd82f-291a-4d5b-a7f1-924f5124eeaf,note,3aab62e4-1f2e-46d6-837a-8d3e9896ce15
0a379ebc-56a9-4c6a-86a7-d7d8fdb924a1,note,7b3d9f25-6661-4edb-9401-1b44582a68bb
7d789d45-763e-472e-b1ca-0cadab850ce7,note,76583472-a27e-4974-91f8-9cf4c9f8b51b
d43ea38f-d65b-4618-90c8-157aeff39960,note,ae4f94ec-8c24-4c26-ad16-9931b71615c0
85ecd82f-291a-4d5b-a7f1-924f5124eeaf,note,f5abe9c1-0e40-4537-aefd-321c8ed832c4
fa856607-7cf8-40dd-b10a-17dcce451d3f,note,90acc835-26fc-49eb-bd02-a8382a75a1ca
1bf9537d-4a4c-43a6-b448-c32320a8fce8,note,65960c70-ff7f-4727-871d-2a680e2f4547
cfbe6945-9a44-4522-b5ea-507056bf5566,note,79e31dd2-5164-4477-9b1c-54ead45bd94e
ba62b499-1da2-49c1-bc7c-1d07a3587c40,note,d1a28946-7909-4ffb-bd8c-e22d5e364dfe
95ae5521-be6c-4755-ab66-7299487c83a9,note,0ef22b3c-a89e-49c6-880c-48992d5971eb
c67f5cbd-0a60-4497-97aa-b0cebe464b72,note,32983a03-47d8-4a16-a0f6-8f13560a10b6
c67f5cbd-0a60-4497-97aa-b0cebe464b72,note,fc88e494-91d5-4cfc-9c93-52502b32242e
158e7241-ea47-4ab6-abef-79495bcacb4d,note,dec8398d-6319-43c4-93a1-ad4c4369d077
c67f5cbd-0a60-4497-97aa-b0cebe464b72,note,d29f3222-6fc1-4af0-8898-3eeb20e36c04
0dbd97d3-46d4-4901-bc2d-cd8dfa1bdc57,note,47356aaf-0755-4d5d-8a7c-1d7e86050610
1854201a-a5ce-4c01-9bb5-4aef2f9a98f9,note,a2e90b2d-e3f1-4bd9-b429-660bdce2246b
b53aac84-926f-4f93-aa8f-fc6d7db00a2c,note,0597f052-b630-40c6-bd34-4f6942e47d6c
733f8566-173d-41a1-adf4-e9ed4aa63dbf,note,b8e73c7d-3651-42b2-a8ee-c1aadaacdcfa
cfbe6945-9a44-4522-b5ea-507056bf5566,note,32983a03-47d8-4a16-a0f6-8f13560a10b6
cfbe6945-9a44-4522-b5ea-507056bf5566,note,c516e226-b969-44d3-a92c-ad69e1805f1c
2d4949ca-9b60-4818-a4b1-f5147e242eef,note,f892fd12-8cfc-44c3-a810-e19d0c839085
fa856607-7cf8-40dd-b10a-17dcce451d3f,note,4546fc8a-1fc9-4407-b3e5-294917a70749
3a983df1-5d53-4c7e-bb43-55ffa1295066,note,5351ac57-bfb9-4e15-91a3-16ca2229d217
9873bf59-4469-43b7-a754-ea7ed57fce85,note,e57ebbec-2171-441e-bb9e-ae8fef120e06
b53aac84-926f-4f93-aa8f-fc6d7db00a2c,note,4b229db5-3ddb-418f-8d1d-1a3459a7cba7
85ecd82f-291a-4d5b-a7f1-924f5124eeaf,note,a373da59-1062-47d5-a4ca-639400d56d67
8ce3304f-0125-462a-b25d-357949bd94e7,note,840bba4a-2903-4377-9741-210de7ba5594
a253d241-ec94-47be-8b16-6f2ee6de8c94,note,7f3b5466-4a02-47fe-9db1-c104ce0e0f28
c67f5cbd-0a60-4497-97aa-b0cebe464b72,note,76f5c2e8-dee1-465b-9e10-83888ff75bda
0dbd97d3-46d4-4901-bc2d-cd8dfa1bdc57,note,8cc03914-4bbb-49d9-903c-61a012fa635a
fa856607-7cf8-40dd-b10a-17dcce451d3f,note,c6aad0ea-e813-44b6-805a-ea714962874b
5157d403-73fb-4ba9-aefe-995cf7b0bca9,note,a18ed685-8790-4099-9553-1c10d5fee665
34023e37-103a-404a-8699-7d9c93946e48,note,d29f3222-6fc1-4af0-8898-3eeb20e36c04
fa856607-7cf8-40dd-b10a-17dcce451d3f,note,7412aec0-25da-4859-8432-8765108dcdf1
48b9f589-c58e-406e-a1f2-f0ae46f961dc,note,840bba4a-2903-4377-9741-210de7ba5594
34023e37-103a-404a-8699-7d9c93946e48,note,40e754ef-0654-4828-8313-a4e596545d9f
9f4beca6-33f5-455a-85f7-9c67bff06856,note,9eb1937f-e77a-4413-8173-9a72db99cc3e
fa856607-7cf8-40dd-b10a-17dcce451d3f,note,6d472f71-98e1-4720-ae86-0e310ca1edc0
b53aac84-926f-4f93-aa8f-fc6d7db00a2c,note,80e7c216-b1ca-44c0-9c46-b0cd709c264d
fa856607-7cf8-40dd-b10a-17dcce451d3f,note,22a77d82-32b4-469d-a3a0-988228da66fe
008e0abb-18e2-44f0-8868-13b9974ba837,note,99dc913c-d14a-40d2-8efb-58456de8d84d
90bb4d5e-918e-4771-99ad-3c92b7248474,note,cb257a2a-a9a4-4824-a0ab-b02fbcd1ae67
1bf9537d-4a4c-43a6-b448-c32320a8fce8,note,5a8c88a2-a035-4966-aaa3-ccd8985f8d19
95ae5521-be6c-4755-ab66-7299487c83a9,note,84da9da3-fbf0-4079-b65e-ca86b3e80efc
95ac3187-a8bb-4204-9630-dbd7f37e1837,note,d2329c34-77ac-4ee6-b395-04e1e547008c
c7be6cae-f37e-4496-a93e-12158cc0fd5c,note,2bee2771-4683-498c-98de-47a28867d396
5571617d-f45b-4e07-87d4-2d9c3769afea,note,cae65575-bcb9-431f-90ab-5f7dfd4cb794
ee6509f5-5df6-4c62-a19b-10b4efa1d2c8,note,972c0655-008c-4bfb-8965-e3980bf1c706
85ecd82f-291a-4d5b-a7f1-924f5124eeaf,note,b51b3d1b-6bb9-46cb-8aa4-b5ff7dfc4b14
c67f5cbd-0a60-4497-97aa-b0cebe464b72,note,1c100bd0-911d-4c93-a264-93f2fdb3cc7e
fa856607-7cf8-40dd-b10a-17dcce451d3f,note,61d278c4-9c8b-4e34-aa47-24dde3872c9d
95ae5521-be6c-4755-ab66-7299487c83a9,note,2ba8da4e-d42b-4d05-a1f3-ec885fb5a883
34023e37-103a-404a-8699-7d9c93946e48,note,c03d0972-63d0-455c-a504-efc06457c002
85ecd82f-291a-4d5b-a7f1-924f5124eeaf,note,f3ac350f-7ae8-4b92-a7fb-ac548af355c8
34023e37-103a-404a-8699-7d9c93946e48,note,ed521555-1c72-4e2f-9ce1-02dd9918d0be
b2fe3cd5-79ea-45d4-9175-07a702d2bb52,note,e57ebbec-2171-441e-bb9e-ae8fef120e06
f89f9042-52a3-41c7-a5dc-b49ee9676bf1,note,29260fb3-f12b-47d4-a910-f85d60073f33
54703bb6-e2a1-4f14-a6b8-f33d0e934b08,note,ca0a6fbc-5052-4b90-a7ad-49e18cb7663b
85ecd82f-291a-4d5b-a7f1-924f5124eeaf,note,ef2f58a6-2cf4-45bb-87a6-a40309f3d0aa
bc4d05b7-c6b7-495f-951b-6da50abe788b,note,477415ec-d894-44ae-818a-cfad625ec37e
94b79f72-b60b-47b4-833a-492875ffe937,note,be888635-6cf2-41ff-9eed-6015ed67b517
34023e37-103a-404a-8699-7d9c93946e48,note,c214bd89-772e-4272-b350-1db7864875c5
fa856607-7cf8-40dd-b10a-17dcce451d3f,note,4056b24f-171c-4b54-8cf7-9e997276821a
94b79f72-b60b-47b4-833a-492875ffe937,note,bae98950-297e-4205-a053-fd0e4b1d12ae
733f8566-173d-41a1-adf4-e9ed4aa63dbf,note,c6565851-9e46-4ce2-ae30-fa3ad028fc67
7cb22c77-949b-423d-a2f2-41fd86318b1e,note,c516e226-b969-44d3-a92c-ad69e1805f1c
7cb22c77-949b-423d-a2f2-41fd86318b1e,note,76583472-a27e-4974-91f8-9cf4c9f8b51b
ff2c8044-6f1d-4476-9f39-120c6d771220,note,2db69812-0994-45c9-ade5-4e26b3e1ae3c
c5eb68a6-bd71-4717-ad2c-f32b35cbe206,note,8d98c47a-ce4b-4727-89bc-a2f7d2bbbc98
ba62b499-1da2-49c1-bc7c-1d07a3587c40,note,a800792f-238d-48df-ba58-f2b75bc117a5
c67f5cbd-0a60-4497-97aa-b0cebe464b72,note,6dfefec7-0594-4361-b981-19574cc548ee
7cb22c77-949b-423d-a2f2-41fd86318b1e,note,ad2fa153-c1a8-4d7b-93f6-1de9bd6f23eb
8f481ecf-b7c6-4f3c-bd92-f7f5f0d5b2db,note,bda4c9c2-fcb5-4e72-862f-9e9113c1222c
c5eb68a6-bd71-4717-ad2c-f32b35cbe206,note,f22e01c8-b76b-4a45-ac73-fc300615096c
fa856607-7cf8-40dd-b10a-17dcce451d3f,note,e70ed2d5-fc8e-4892-971b-b015bd083625
fa856607-7cf8-40dd-b10a-17dcce451d3f,note,d0893d58-016f-4726-b6fa-2075d600e4bf
62bb79f8-6d7e-4915-bda1-184cf485f9b3,note,40e754ef-0654-4828-8313-a4e596545d9f
ed41c605-06de-4542-9eaa-eb8dbf04c8cd,note,c11faa2d-5120-489f-b024-f10f49a7388b
b53aac84-926f-4f93-aa8f-fc6d7db00a2c,note,308e2955-3f1f-408e-85ad-ccf83838963d
7cb22c77-949b-423d-a2f2-41fd86318b1e,note,bcb214d2-607a-46b3-ad89-d694683540f7
ff2c8044-6f1d-4476-9f39-120c6d771220,note,8c167848-b5e9-4668-bd91-70b621e5cc29
b53aac84-926f-4f93-aa8f-fc6d7db00a2c,note,79e31dd2-5164-4477-9b1c-54ead45bd94e
7cb22c77-949b-423d-a2f2-41fd86318b1e,note,d5e41376-7c14-4d33-a707-c356ce4cc11c
6eed66b5-35bd-4a82-be72-e49c15f1cb3e,note,e8e0814d-e4b7-4dec-8c7b-6ff951090d32
2b6d9b2c-6543-41e3-83c4-2f5d66c3518f,note,8262de96-5063-4243-bb10-add55b2c45b6
b53aac84-926f-4f93-aa8f-fc6d7db00a2c,note,f33fa8c7-e62a-4cbf-9302-9451ef63bc3d
c67f5cbd-0a60-4497-97aa-b0cebe464b72,note,f85bc180-fe80-425a-849b-e798c33488fc
6dccc70b-3684-420e-84f7-e547028451c3,note,d6cef8cc-4692-456a-90bd-2241c8acf4d6
b4536fea-4bb5-434c-97c1-5c78b16d8efd,note,4b229db5-3ddb-418f-8d1d-1a3459a7cba7
b9c4e9cb-3895-406a-95ed-c70e0c2e4c2b,note,8fd3a5e9-3476-42d4-aa00-b740cca2f6c9
7f4fdbce-2bc4-4ab5-8384-0c692a7e7166,note,239c3704-dbb3-49c0-9af8-cbb8fd1c8e18
95ac3187-a8bb-4204-9630-dbd7f37e1837,note,6ca79bac-b110-499e-b455-8decd1d80d23
95ac3187-a8bb-4204-9630-dbd7f37e1837,note,8992347d-f41c-44fc-9eaa-061e53ccbef2
fa856607-7cf8-40dd-b10a-17dcce451d3f,note,4d982fce-eeef-443d-83d9-4bc78f2b36cc
a0fc3108-b155-4001-852b-6e4fe24159b2,note,5eb80876-7512-4f90-bf39-b59cb9d5ac8a
fa856607-7cf8-40dd-b10a-17dcce451d3f,note,bc8a756f-b3d1-4426-84c9-63682726318f
b817cdc2-ac38-4e77-9e91-58f551c4c26d,note,d9f1b415-c83f-4b2b-bd5a-40d4fef75993
2d4949ca-9b60-4818-a4b1-f5147e242eef,note,153faaad-1da0-4839-9961-718b00f2c63c
fa856607-7cf8-40dd-b10a-17dcce451d3f,note,9ee832b1-5e97-44a9-9c1a-486e6e6873d7
85ecd82f-291a-4d5b-a7f1-924f5124eeaf,note,d29f3222-6fc1-4af0-8898-3eeb20e36c04
c67f5cbd-0a60-4497-97aa-b0cebe464b72,note,cdf1ce6f-edba-4939-8c9b-b73e1d9dcd9b
c67f5cbd-0a60-4497-97aa-b0cebe464b72,note,307fd55a-046e-4c48-ac93-4321749b00a7
2c332563-90fd-424b-af38-1bb0d019f1d8,note,0cc03111-4a63-4be7-9977-04667cd811c8
e0cdd540-77ca-42b6-b59a-c52799215d03,note,ed6ac985-4675-4fbd-b27e-7a4b70fd72b1
b4536fea-4bb5-434c-97c1-5c78b16d8efd,note,d83658cc-3d48-43dd-a02c-5b45a82fd655
95ae5521-be6c-4755-ab66-7299487c83a9,note,9bb114e2-1cf8-442c-9991-903820db1c74
acc17325-d648-489c-9f22-2bb9c7fd4a40,note,745a11ee-c347-4af6-be91-6f31ac6db122
137d4343-6475-4a20-b7e3-f553b8d331c3,note,745a11ee-c347-4af6-be91-6f31ac6db122
fa856607-7cf8-40dd-b10a-17dcce451d3f,note,756c95e7-95bc-49ca-a356-671655a36692
c67f5cbd-0a60-4497-97aa-b0cebe464b72,note,5416625e-58b5-481e-bcd0-55826f43d881
b53aac84-926f-4f93-aa8f-fc6d7db00a2c,note,d29f3222-6fc1-4af0-8898-3eeb20e36c04
95ae5521-be6c-4755-ab66-7299487c83a9,note,6472a8fa-8cfd-4231-8917-c0982052edcf
85ecd82f-291a-4d5b-a7f1-924f5124eeaf,note,f33fa8c7-e62a-4cbf-9302-9451ef63bc3d
85ecd82f-291a-4d5b-a7f1-924f5124eeaf,note,c055b3a7-f33a-4d89-ad2d-a13e55099682
a65e5315-4bc7-4355-8e3e-eb485fccaeed,note,a25f5c81-4516-482a-b983-9c80672c62d5
b665d3ce-2344-4c38-bc65-fc834095c20c,note,6a0adab5-952c-4812-af51-c21e15b98d32
95ac3187-a8bb-4204-9630-dbd7f37e1837,note,8c167848-b5e9-4668-bd91-70b621e5cc29
9b8b5d1b-dd30-4b70-a815-d88515ef00d2,note,a974fe51-e983-4ba5-9d85-99676bbb1d01
95ae5521-be6c-4755-ab66-7299487c83a9,note,ba818216-e38e-4a67-b561-f8a3bdb8a736
f25edb08-42c9-4c6d-b48e-c1a77a9497ba,note,5351ac57-bfb9-4e15-91a3-16ca2229d217
4b959a59-614d-4516-af6c-83a8a7ae684f,note,c2e4be6d-a65c-489f-a9be-28fa2ed9b25b
b53aac84-926f-4f93-aa8f-fc6d7db00a2c,note,c25f2004-cb65-4f3a-a5d2-29923f85c1f8
bb764107-5e93-4ee1-9411-23b796da7fca,note,cb257a2a-a9a4-4824-a0ab-b02fbcd1ae67
85ecd82f-291a-4d5b-a7f1-924f5124eeaf,note,e227f638-02b6-4745-8f32-38c4a1976513
008e0abb-18e2-44f0-8868-13b9974ba837,note,173fa812-b971-4052-8a6d-c552d9cd7dc8
392a336b-ef29-418f-a527-66f4be928fd4,note,bda4c9c2-fcb5-4e72-862f-9e9113c1222c
be908c98-736e-4696-bf5b-86d76cb7240a,note,b5a119db-51c3-4f31-a428-a03f025aeb87
4f879a5e-ac0e-41d5-a23c-894ed90b823f,note,dd05c853-d91f-4d0c-b911-c3c6392ffc68
6dccc70b-3684-420e-84f7-e547028451c3,note,5e07155a-c94b-48f0-ba2a-28a4532fd889
04801e22-5c82-4360-8efc-38a5fa3df031,note,89220811-2e2b-45cb-856d-5e406e76a312
7d789d45-763e-472e-b1ca-0cadab850ce7,note,6dc3e16b-0341-48e1-b62b-a3f3750bd4bc
95ae5521-be6c-4755-ab66-7299487c83a9,note,5416625e-58b5-481e-bcd0-55826f43d881
584119b9-3223-41e3-b558-c00afe1bca10,note,8a89d5ee-9538-4f34-8836-98ae8b87ba84
fa856607-7cf8-40dd-b10a-17dcce451d3f,note,c580f163-790a-43d8-99a1-4dcf3d3c9360
b1ab1294-c4cf-4ad7-9a04-f6ee70cf0f79,note,762877dc-9f54-4ccf-a225-1b3893ab2f40
40183b05-66a6-4658-be4a-45e66fd98243,note,ca0a6fbc-5052-4b90-a7ad-49e18cb7663b
95ae5521-be6c-4755-ab66-7299487c83a9,note,0a9fda12-7b1c-425c-b15c-76281dd7fd4b
8ce3304f-0125-462a-b25d-357949bd94e7,note,8262de96-5063-4243-bb10-add55b2c45b6
40183b05-66a6-4658-be4a-45e66fd98243,note,239c3704-dbb3-49c0-9af8-cbb8fd1c8e18
fa856607-7cf8-40dd-b10a-17dcce451d3f,note,5d2844ba-8018-4ed5-a83f-f61f7a4cd106
5a3cab35-fb77-4ab0-b457-75b4364a5d7b,note,a01bb289-a934-4b38-8a3f-280b51fd482a
733f8566-173d-41a1-adf4-e9ed4aa63dbf,note,174d57e7-75f9-4a04-a845-d45554fe6f10
183fdffb-d429-4568-bdee-30efac1c5d86,note,c0874039-da61-4757-976f-39a2c84be946
cb8e0479-7a3c-4e2d-a180-daabd649f2b0,note,9edbbf25-e60a-44d5-aa7c-4517f72c647b
62bb79f8-6d7e-4915-bda1-184cf485f9b3,note,c5ef9844-a08a-4eed-828a-667a84d36fe9
9a9589e6-2b11-438b-9291-b4442cd50c31,note,7f093e4d-1a87-4dff-aee5-047aca6b0e1b
b53aac84-926f-4f93-aa8f-fc6d7db00a2c,note,9bb114e2-1cf8-442c-9991-903820db1c74
158e7241-ea47-4ab6-abef-79495bcacb4d,note,f85bc180-fe80-425a-849b-e798c33488fc
3e81d1b3-29b7-493f-a569-7cc31fc497d0,note,ad57fe92-e07f-4d28-bf4e-54bca10fef60
85ecd82f-291a-4d5b-a7f1-924f5124eeaf,note,7bc075d4-f052-431d-81ba-f044bc1831c1
b4536fea-4bb5-434c-97c1-5c78b16d8efd,note,308e2955-3f1f-408e-85ad-ccf83838963d
34023e37-103a-404a-8699-7d9c93946e48,note,6a0adab5-952c-4812-af51-c21e15b98d32
584119b9-3223-41e3-b558-c00afe1bca10,note,4b364e63-fb48-45fa-b599-aa26e6629ff8
34023e37-103a-404a-8699-7d9c93946e48,note,b5a119db-51c3-4f31-a428-a03f025aeb87
3c6e6f63-2fef-4d9f-85ee-56186fc27c40,note,7f552f32-f24e-4f8d-9ee8-c5f072073110
7d789d45-763e-472e-b1ca-0cadab850ce7,note,fc88e494-91d5-4cfc-9c93-52502b32242e
ba62b499-1da2-49c1-bc7c-1d07a3587c40,note,a5211969-4e9b-456e-92f2-172ac6789ab3
6dccc70b-3684-420e-84f7-e547028451c3,note,0717366b-8411-41fd-984d-db97f276b1d9
85ecd82f-291a-4d5b-a7f1-924f5124eeaf,note,8c167848-b5e9-4668-bd91-70b621e5cc29
94b79f72-b60b-47b4-833a-492875ffe937,note,32983a03-47d8-4a16-a0f6-8f13560a10b6
6dccc70b-3684-420e-84f7-e547028451c3,note,bceb5853-05ae-40ed-bd46-a8c116dcaeb9
85ecd82f-291a-4d5b-a7f1-924f5124eeaf,note,6472a8fa-8cfd-4231-8917-c0982052edcf
ff2c8044-6f1d-4476-9f39-120c6d771220,note,eeb108c1-b244-47f3-a157-5f283a5e4296
158e7241-ea47-4ab6-abef-79495bcacb4d,note,cd3acbc1-e030-4fd5-a5b5-8c5c8a00ac98
ff2c8044-6f1d-4476-9f39-120c6d771220,note,8989ea75-bdd8-44c7-80dd-51027ead229e
ff2c8044-6f1d-4476-9f39-120c6d771220,note,307fd55a-046e-4c48-ac93-4321749b00a7
c67f5cbd-0a60-4497-97aa-b0cebe464b72,note,4843a049-7376-4bd5-857b-4862b9d911f6
6dccc70b-3684-420e-84f7-e547028451c3,note,81d10c3c-fad9-42fd-8701-beacbb2b453e
b4536fea-4bb5-434c-97c1-5c78b16d8efd,note,bd88a5fe-2103-45ab-b511-fca0a4731033
e8d65314-7f0b-4f0b-9b7e-033024c06299,note,c38c394c-e13d-457f-a1c0-2e35d85daefe
a603c58a-6057-43e4-85ad-b693f0f15eb5,note,448be0f5-cdd6-44cc-9581-1b4f217fbf18
c98936af-d7b7-402d-97a6-b3fa08ddeefb,note,80f5b868-56a6-4100-99eb-987940d75e4f
a603c58a-6057-43e4-85ad-b693f0f15eb5,note,a01bb289-a934-4b38-8a3f-280b51fd482a
c67f5cbd-0a60-4497-97aa-b0cebe464b72,note,dce60163-f50c-4292-87b1-12f6db962af8
85ecd82f-291a-4d5b-a7f1-924f5124eeaf,note,661fe878-a506-4985-983a-5b4eb2785ce6
df486d8d-f51a-439f-8b46-cc74fc888c58,note,99dc913c-d14a-40d2-8efb-58456de8d84d
95ae5521-be6c-4755-ab66-7299487c83a9,note,556ed844-be3d-4f78-a6eb-b6362bcbe19f
a603c58a-6057-43e4-85ad-b693f0f15eb5,note,7b5778dd-88cc-4168-b57a-8c594729c344
cfbe6945-9a44-4522-b5ea-507056bf5566,note,30439b89-3ff7-425c-9191-17923d43b33a
c67f5cbd-0a60-4497-97aa-b0cebe464b72,note,d63a1044-f30b-4e86-ac71-fb11dd192024
b670cd11-c841-4bff-9e85-aa0ef46a7605,note,f2ca94c9-31ba-47c9-ab63-fa2aa1300c6e
cfbe6945-9a44-4522-b5ea-507056bf5566,note,fab9dc98-97a9-489e-9f7e-1d568f5ff7ac
455bb8f4-dd7e-4303-b3ad-482f030f49c6,note,0a9fda12-7b1c-425c-b15c-76281dd7fd4b
ed41c605-06de-4542-9eaa-eb8dbf04c8cd,note,54275402-b837-44ee-b3af-f436cad46538
2d4949ca-9b60-4818-a4b1-f5147e242eef,note,fa3b3533-d3b9-4010-aebd-74cf48d04a48
c5eb68a6-bd71-4717-ad2c-f32b35cbe206,note,8d5b7941-ec8f-4ff3-a6ea-adfb1cde222a
7cb22c77-949b-423d-a2f2-41fd86318b1e,note,47356aaf-0755-4d5d-8a7c-1d7e86050610
c21ab379-4975-49ee-a995-b0ebecb95e94,note,16173882-7dd6-45e9-996d-aa99081ff70b
b53aac84-926f-4f93-aa8f-fc6d7db00a2c,note,477415ec-d894-44ae-818a-cfad625ec37e
85ecd82f-291a-4d5b-a7f1-924f5124eeaf,note,308e2955-3f1f-408e-85ad-ccf83838963d
ba62b499-1da2-49c1-bc7c-1d07a3587c40,note,0cc03111-4a63-4be7-9977-04667cd811c8
b4536fea-4bb5-434c-97c1-5c78b16d8efd,note,59ef6d47-5b15-4141-95bb-09bc2f3dfad8
753328f7-99f8-4048-9170-fdc065b31a4f,note,e191d154-de21-4e96-87db-726d017db34d
0dbd97d3-46d4-4901-bc2d-cd8dfa1bdc57,note,a34ecfc4-1af5-46c7-accd-0dba7c16237d
584119b9-3223-41e3-b558-c00afe1bca10,note,dd05c853-d91f-4d0c-b911-c3c6392ffc68
753328f7-99f8-4048-9170-fdc065b31a4f,note,2b066334-8ae3-4015-ad71-c618efbc48f5
c67f5cbd-0a60-4497-97aa-b0cebe464b72,note,92aa3d56-60d6-4ecf-ab04-9e84b441ae1e
793e1642-ee69-42cd-af57-d5096a65e439,note,4ac1421f-2ade-4127-aa57-c6851f54cb60
a603c58a-6057-43e4-85ad-b693f0f15eb5,note,8262de96-5063-4243-bb10-add55b2c45b6
1854201a-a5ce-4c01-9bb5-4aef2f9a98f9,note,595fb03e-d453-41b5-9ec9-b8aa71970afa
fc770fcc-9eef-43ce-87a7-fe292acbbb92,note,c38c394c-e13d-457f-a1c0-2e35d85daefe
8797e3d8-d0a7-4026-8ce6-53438121f059,note,d9f1b415-c83f-4b2b-bd5a-40d4fef75993
c67f5cbd-0a60-4497-97aa-b0cebe464b72,note,d2329c34-77ac-4ee6-b395-04e1e547008c
0dbd97d3-46d4-4901-bc2d-cd8dfa1bdc57,note,a5211969-4e9b-456e-92f2-172ac6789ab3
1854201a-a5ce-4c01-9bb5-4aef2f9a98f9,note,4bb751fd-adf6-4d77-aa45-71b227377e9a
49903040-140e-405f-baef-d89ab439afd9,note,f4a905c6-ff10-40dd-a298-f5c022317915
6dccc70b-3684-420e-84f7-e547028451c3,note,49b07688-be02-425d-bda4-9ce231697bbc
8a39b924-8b02-448b-9b3c-7d81a2581741,note,c068187c-a185-443c-b6b8-acdac4e016c5
85ecd82f-291a-4d5b-a7f1-924f5124eeaf,note,e4c3b08f-ddd5-484f-a906-6891e4e4d7de
f25edb08-42c9-4c6d-b48e-c1a77a9497ba,note,6de1902c-d89a-41c3-81ed-55fbce48f0cd
7cb22c77-949b-423d-a2f2-41fd86318b1e,note,83ff3d9e-bb28-4cbd-96ed-4338d3f71b20
c67f5cbd-0a60-4497-97aa-b0cebe464b72,note,0170b3b6-9c12-4b41-a0dd-1f980e1eb1c0
0dbd97d3-46d4-4901-bc2d-cd8dfa1bdc57,note,9bb114e2-1cf8-442c-9991-903820db1c74
f25edb08-42c9-4c6d-b48e-c1a77a9497ba,note,f1697866-9142-48ca-97c0-6b4f20889717
85ecd82f-291a-4d5b-a7f1-924f5124eeaf,note,5a8c88a2-a035-4966-aaa3-ccd8985f8d19
0dbd97d3-46d4-4901-bc2d-cd8dfa1bdc57,note,2b066334-8ae3-4015-ad71-c618efbc48f5
95ac3187-a8bb-4204-9630-dbd7f37e1837,note,e4c3b08f-ddd5-484f-a906-6891e4e4d7de
c67f5cbd-0a60-4497-97aa-b0cebe464b72,note,dd05c853-d91f-4d0c-b911-c3c6392ffc68
fa856607-7cf8-40dd-b10a-17dcce451d3f,note,41506e99-f54c-4adf-81b0-e7114bf92574
5a3cab35-fb77-4ab0-b457-75b4364a5d7b,note,0170b3b6-9c12-4b41-a0dd-1f980e1eb1c0
85ecd82f-291a-4d5b-a7f1-924f5124eeaf,note,ca0a6fbc-5052-4b90-a7ad-49e18cb7663b
85ecd82f-291a-4d5b-a7f1-924f5124eeaf,note,bae98950-297e-4205-a053-fd0e4b1d12ae
3a983df1-5d53-4c7e-bb43-55ffa1295066,note,595fb03e-d453-41b5-9ec9-b8aa71970afa
418b2711-7079-4ee5-96df-4e09f7494d6a,note,a01bb289-a934-4b38-8a3f-280b51fd482a
e9a5c688-bff2-4910-bc7f-e8bebded7d7a,note,6084d03b-0ebf-44e8-9d8b-922ea4f335ba
a0fc3108-b155-4001-852b-6e4fe24159b2,note,99dc913c-d14a-40d2-8efb-58456de8d84d
6dccc70b-3684-420e-84f7-e547028451c3,note,1e2c8906-d134-4ee2-a316-e3638f7abcfe
95ac3187-a8bb-4204-9630-dbd7f37e1837,note,af350d1f-4dc1-4c98-8cb0-4cc06977eda4
1854201a-a5ce-4c01-9bb5-4aef2f9a98f9,note,ecf4d481-0df2-47f9-9498-13354b1263d0
c67f5cbd-0a60-4497-97aa-b0cebe464b72,note,3aab62e4-1f2e-46d6-837a-8d3e9896ce15
3c8f6911-ce16-4b57-844d-78fa49868c40,note,c8920da1-14ca-458d-80ed-9281cd0a9372
a0842a9a-1e36-43a9-9e4f-86a48b451712,note,a18ed685-8790-4099-9553-1c10d5fee665
85ecd82f-291a-4d5b-a7f1-924f5124eeaf,note,f22e01c8-b76b-4a45-ac73-fc300615096c
158e7241-ea47-4ab6-abef-79495bcacb4d,note,09be3131-013c-4d08-91f6-eda85a542049
733f8566-173d-41a1-adf4-e9ed4aa63dbf,note,a800792f-238d-48df-ba58-f2b75bc117a5
85ecd82f-291a-4d5b-a7f1-924f5124eeaf,note,9d220e94-86d8-4842-b467-3ffc2f320ba2
40183b05-66a6-4658-be4a-45e66fd98243,note,07b3bd7f-640f-4b80-9366-a5ee7d7c16bb
0ab37136-9ce6-4638-826d-ec9a2632d43c,note,c08bfb7e-2ddb-411e-b755-6dcf12b304d9
fa856607-7cf8-40dd-b10a-17dcce451d3f,note,dac6fb4a-2e7f-4cea-8f0a-f5cafbac3074
cfbe6945-9a44-4522-b5ea-507056bf5566,note,cf8633ad-34ba-49b9-9e53-714228088194
c67f5cbd-0a60-4497-97aa-b0cebe464b72,note,8b761cd5-2a71-44d0-a983-58e6d0491404
462a7a08-72d8-4efa-b48a-79b935277a9c,note,f2ca94c9-31ba-47c9-ab63-fa2aa1300c6e
fa856607-7cf8-40dd-b10a-17dcce451d3f,note,de3381cf-abbe-4de4-9974-b124f540ca1d
0dbd97d3-46d4-4901-bc2d-cd8dfa1bdc57,note,a974fe51-e983-4ba5-9d85-99676bbb1d01
95ae5521-be6c-4755-ab66-7299487c83a9,note,c214bd89-772e-4272-b350-1db7864875c5
c67f5cbd-0a60-4497-97aa-b0cebe464b72,note,c5ef9844-a08a-4eed-828a-667a84d36fe9
85ecd82f-291a-4d5b-a7f1-924f5124eeaf,note,cb70636e-ec71-4d04-8727-4d9674283c73
fa856607-7cf8-40dd-b10a-17dcce451d3f,note,d97166fe-b114-44a0-a9ca-1b7764a4dfba
7cb22c77-949b-423d-a2f2-41fd86318b1e,note,d0526e2f-8962-41c4-8773-11c9249c40ae
b53aac84-926f-4f93-aa8f-fc6d7db00a2c,note,cf8633ad-34ba-49b9-9e53-714228088194
c67f5cbd-0a60-4497-97aa-b0cebe464b72,note,6ca79bac-b110-499e-b455-8decd1d80d23
c67f5cbd-0a60-4497-97aa-b0cebe464b72,note,f2e0223f-18d8-4287-b4a0-43606e561589
c67f5cbd-0a60-4497-97aa-b0cebe464b72,note,6dc3e16b-0341-48e1-b62b-a3f3750bd4bc
85ecd82f-291a-4d5b-a7f1-924f5124eeaf,note,d2329c34-77ac-4ee6-b395-04e1e547008c
1854201a-a5ce-4c01-9bb5-4aef2f9a98f9,note,c1821819-f973-43f5-b55f-e9c5836276e7
0c4b94a5-98d5-4003-a02b-d0a483332768,note,dea95d90-20fd-4165-8093-95003b186fa5
a65e5315-4bc7-4355-8e3e-eb485fccaeed,note,4b83bfd9-bfc3-473d-bfce-752dd61224c0
753328f7-99f8-4048-9170-fdc065b31a4f,note,b51b3d1b-6bb9-46cb-8aa4-b5ff7dfc4b14
462a7a08-72d8-4efa-b48a-79b935277a9c,note,92aa3d56-60d6-4ecf-ab04-9e84b441ae1e
fa856607-7cf8-40dd-b10a-17dcce451d3f,note,0b1707fe-199b-496d-8b41-36319d7c79ea
85ecd82f-291a-4d5b-a7f1-924f5124eeaf,note,2b066334-8ae3-4015-ad71-c618efbc48f5
95ae5521-be6c-4755-ab66-7299487c83a9,note,f2e0223f-18d8-4287-b4a0-43606e561589
0dbd97d3-46d4-4901-bc2d-cd8dfa1bdc57,note,dd05c853-d91f-4d0c-b911-c3c6392ffc68
5f04f183-cc57-493e-8442-6e26b08608a0,note,2625fa6c-245c-4349-88b8-2c2dbaae0e7b
584119b9-3223-41e3-b558-c00afe1bca10,note,cdf1ce6f-edba-4939-8c9b-b73e1d9dcd9b
6dccc70b-3684-420e-84f7-e547028451c3,note,c25f2004-cb65-4f3a-a5d2-29923f85c1f8
85ecd82f-291a-4d5b-a7f1-924f5124eeaf,note,13cb12cd-2ed5-4f43-ac41-474b858c2de6
b1c476d7-0b5e-46fe-8770-2741f40c8430,note,2a6434cb-a653-4e7e-915e-b3a72e714b02
c67f5cbd-0a60-4497-97aa-b0cebe464b72,note,d0526e2f-8962-41c4-8773-11c9249c40ae
b53aac84-926f-4f93-aa8f-fc6d7db00a2c,note,fab9dc98-97a9-489e-9f7e-1d568f5ff7ac
591862f3-97be-4dd5-bc66-b0a5648a0fcc,note,a66b59e0-477d-47b3-8550-e05029525863
c67f5cbd-0a60-4497-97aa-b0cebe464b72,note,83ff3d9e-bb28-4cbd-96ed-4338d3f71b20
3a983df1-5d53-4c7e-bb43-55ffa1295066,note,36ef3047-69d4-462f-bca8-8c40d9b4433c
6dccc70b-3684-420e-84f7-e547028451c3,note,602ca844-d355-4169-9118-9c1fdfeb1193
c6e00e7b-22c2-41e7-8e43-eed837e1dde7,note,dce60163-f50c-4292-87b1-12f6db962af8
0368922e-abf8-4901-8840-5e8ea388a506,note,e0f7e727-4069-49ce-b1bd-ff089da0d8d3
97cd7e04-52ca-4a26-a182-e67709d354f7,note,bd211184-203b-4431-95fb-15f995a12417
b53aac84-926f-4f93-aa8f-fc6d7db00a2c,note,5416625e-58b5-481e-bcd0-55826f43d881
ff2c8044-6f1d-4476-9f39-120c6d771220,note,477415ec-d894-44ae-818a-cfad625ec37e
a603c58a-6057-43e4-85ad-b693f0f15eb5,note,cb257a2a-a9a4-4824-a0ab-b02fbcd1ae67
85ecd82f-291a-4d5b-a7f1-924f5124eeaf,note,4ac1421f-2ade-4127-aa57-c6851f54cb60
f25edb08-42c9-4c6d-b48e-c1a77a9497ba,note,e4c3b08f-ddd5-484f-a906-6891e4e4d7de
f25edb08-42c9-4c6d-b48e-c1a77a9497ba,note,36ef3047-69d4-462f-bca8-8c40d9b4433c
f25edb08-42c9-4c6d-b48e-c1a77a9497ba,note,7c4cacf1-95b3-47ac-a606-bc93ea384ed5
b7bd257d-c672-4c83-9fd7-2a0740a7331e,note,972c0655-008c-4bfb-8965-e3980bf1c706
54703bb6-e2a1-4f14-a6b8-f33d0e934b08,note,4843a049-7376-4bd5-857b-4862b9d911f6
fa856607-7cf8-40dd-b10a-17dcce451d3f,note,ad691ea3-db97-49df-a166-4e53132ff5af
34023e37-103a-404a-8699-7d9c93946e48,note,6de1902c-d89a-41c3-81ed-55fbce48f0cd
fa856607-7cf8-40dd-b10a-17dcce451d3f,note,c99ba9ab-cd3e-4778-a731-76d85f2ede4d
7cb22c77-949b-423d-a2f2-41fd86318b1e,note,c03d0972-63d0-455c-a504-efc06457c002
f89f9042-52a3-41c7-a5dc-b49ee9676bf1,note,c0874039-da61-4757-976f-39a2c84be946
b53aac84-926f-4f93-aa8f-fc6d7db00a2c,note,d2329c34-77ac-4ee6-b395-04e1e547008c
6dccc70b-3684-420e-84f7-e547028451c3,note,99dc913c-d14a-40d2-8efb-58456de8d84d
fa856607-7cf8-40dd-b10a-17dcce451d3f,note,a80dbb05-39f9-45f4-b75e-b5c321a1a93b
1854201a-a5ce-4c01-9bb5-4aef2f9a98f9,note,8b761cd5-2a71-44d0-a983-58e6d0491404
b53aac84-926f-4f93-aa8f-fc6d7db00a2c,note,8989ea75-bdd8-44c7-80dd-51027ead229e
b53aac84-926f-4f93-aa8f-fc6d7db00a2c,note,b101e29a-7457-4dd0-b633-8b3f80663d6f
0ab37136-9ce6-4638-826d-ec9a2632d43c,note,b101e29a-7457-4dd0-b633-8b3f80663d6f
acc17325-d648-489c-9f22-2bb9c7fd4a40,note,7b5778dd-88cc-4168-b57a-8c594729c344
cfbe6945-9a44-4522-b5ea-507056bf5566,note,d0ad1617-8c5c-4521-9a97-a505a8ceef84
0368922e-abf8-4901-8840-5e8ea388a506,note,a1b72a70-618e-4160-82d2-804d4ec225cd
8ce3304f-0125-462a-b25d-357949bd94e7,note,65960c70-ff7f-4727-871d-2a680e2f4547
f25edb08-42c9-4c6d-b48e-c1a77a9497ba,note,bf0002b0-f587-48c0-94eb-f3b414276eef
0ab37136-9ce6-4638-826d-ec9a2632d43c,note,f42b72fd-fa60-4179-baa1-3417ed5350b6
733f8566-173d-41a1-adf4-e9ed4aa63dbf,note,fa3b3533-d3b9-4010-aebd-74cf48d04a48
b1ab1294-c4cf-4ad7-9a04-f6ee70cf0f79,note,4ac1421f-2ade-4127-aa57-c6851f54cb60
8797e3d8-d0a7-4026-8ce6-53438121f059,note,414914ba-9fbd-4a48-b80b-7dce502f0874
1854201a-a5ce-4c01-9bb5-4aef2f9a98f9,note,d83658cc-3d48-43dd-a02c-5b45a82fd655
6dccc70b-3684-420e-84f7-e547028451c3,note,9028593c-f210-48d9-8f8c-0d6e53fe5834
fc770fcc-9eef-43ce-87a7-fe292acbbb92,note,bba29a57-cc2f-46d8-a77a-36e2e2faf2bf
acc17325-d648-489c-9f22-2bb9c7fd4a40,note,05cbd8c2-b0ae-4264-bfac-540288ff7be5
b53aac84-926f-4f93-aa8f-fc6d7db00a2c,note,a373da59-1062-47d5-a4ca-639400d56d67
65e07a96-fe82-42f4-b76a-08b866dbe055,note,414914ba-9fbd-4a48-b80b-7dce502f0874
95ae5521-be6c-4755-ab66-7299487c83a9,note,308e2955-3f1f-408e-85ad-ccf83838963d
b1ab1294-c4cf-4ad7-9a04-f6ee70cf0f79,note,f22a1d39-d38c-4edd-8897-883de91cc6f5
b53aac84-926f-4f93-aa8f-fc6d7db00a2c,note,b51b3d1b-6bb9-46cb-8aa4-b5ff7dfc4b14
c5eb68a6-bd71-4717-ad2c-f32b35cbe206,note,a800792f-238d-48df-ba58-f2b75bc117a5
c67f5cbd-0a60-4497-97aa-b0cebe464b72,note,ef2f58a6-2cf4-45bb-87a6-a40309f3d0aa
2d4949ca-9b60-4818-a4b1-f5147e242eef,note,f22e01c8-b76b-4a45-ac73-fc300615096c
753328f7-99f8-4048-9170-fdc065b31a4f,note,1c100bd0-911d-4c93-a264-93f2fdb3cc7e
94b79f72-b60b-47b4-833a-492875ffe937,note,a0a21f75-f5f2-488f-a2b7-9bc8a7d92571
d666f3ea-e408-4b86-a4b6-f596c84eb349,note,1dd2f5dc-44e1-4ddd-9796-f944d94b4416
427b581b-1963-4fb8-b4fd-773ed61b2fb1,note,ad2fa153-c1a8-4d7b-93f6-1de9bd6f23eb
fa856607-7cf8-40dd-b10a-17dcce451d3f,note,88812984-a5f9-44bc-85d4-678cc2f8b765
94d5572a-8407-43e7-8595-960856759d09,note,0ef22b3c-a89e-49c6-880c-48992d5971eb
b53aac84-926f-4f93-aa8f-fc6d7db00a2c,note,d2822c79-4b33-44bf-8c54-a8a17aab59ce
3b2b466f-5172-46a7-bc7b-e766a82d01d9,note,0a9fda12-7b1c-425c-b15c-76281dd7fd4b
fa856607-7cf8-40dd-b10a-17dcce451d3f,note,bf970f35-1852-4398-894b-a0c4f7bffc09
ad4b3b86-46bd-4c5c-8450-fb06b56abedd,note,6dc3e16b-0341-48e1-b62b-a3f3750bd4bc
54703bb6-e2a1-4f14-a6b8-f33d0e934b08,note,9d220e94-86d8-4842-b467-3ffc2f320ba2
f25edb08-42c9-4c6d-b48e-c1a77a9497ba,note,c2e4be6d-a65c-489f-a9be-28fa2ed9b25b
733f8566-173d-41a1-adf4-e9ed4aa63dbf,note,9126e37e-ca19-464e-bc50-f10f38009283
95ac3187-a8bb-4204-9630-dbd7f37e1837,note,eff68b83-8d9c-4046-a1bc-5d765001021f
65e07a96-fe82-42f4-b76a-08b866dbe055,note,b238279c-7f36-463b-aca3-a97eb54a7497
fa856607-7cf8-40dd-b10a-17dcce451d3f,note,f0d45458-f78b-4d04-a625-a90b3da21754
fa856607-7cf8-40dd-b10a-17dcce451d3f,note,72c2da8b-d2d5-4446-a098-e0606bf9535a
fcb6ce54-6b73-4a02-80ee-b84e1090e617,note,9a577223-4b8f-4841-95df-6c7c4847b864
b9c4e9cb-3895-406a-95ed-c70e0c2e4c2b,note,49b07688-be02-425d-bda4-9ce231697bbc
b53aac84-926f-4f93-aa8f-fc6d7db00a2c,note,9d220e94-86d8-4842-b467-3ffc2f320ba2
fa3d2b9d-0fd3-4447-8446-97c0b664a347,note,37115ca5-03a8-443a-b9c3-c7eeeb3a3edc
022d02f2-48de-4a4d-b901-e9f492ddfddf,note,0a9fda12-7b1c-425c-b15c-76281dd7fd4b
c5eb68a6-bd71-4717-ad2c-f32b35cbe206,note,b51b3d1b-6bb9-46cb-8aa4-b5ff7dfc4b14
7cb22c77-949b-423d-a2f2-41fd86318b1e,note,eeb108c1-b244-47f3-a157-5f283a5e4296
b53aac84-926f-4f93-aa8f-fc6d7db00a2c,note,54275402-b837-44ee-b3af-f436cad46538
cfbe6945-9a44-4522-b5ea-507056bf5566,note,e0f7e727-4069-49ce-b1bd-ff089da0d8d3
7cb22c77-949b-423d-a2f2-41fd86318b1e,note,f892fd12-8cfc-44c3-a810-e19d0c839085
0ab37136-9ce6-4638-826d-ec9a2632d43c,note,cf8633ad-34ba-49b9-9e53-714228088194
6ae4be5e-f878-4bfb-b2fb-8ef607c16d1d,note,e66335ce-122c-46ac-8778-d2f60e4e8b08
fa856607-7cf8-40dd-b10a-17dcce451d3f,note,e8442095-8715-4fc1-8743-09a00b714cf6
4f1d9ae6-3fc9-49fa-b330-c0d3c0c939c9,note,5f99fcbd-e04b-4b24-9eb5-f1de34c931ca
7cb22c77-949b-423d-a2f2-41fd86318b1e,note,0e8f0381-60b2-4a96-a89f-678dbd6bbde7
fa856607-7cf8-40dd-b10a-17dcce451d3f,note,e012874a-0783-4538-b7ed-e4b37dfcc3cb
f25edb08-42c9-4c6d-b48e-c1a77a9497ba,note,4b364e63-fb48-45fa-b599-aa26e6629ff8
7cb22c77-949b-423d-a2f2-41fd86318b1e,note,f42b72fd-fa60-4179-baa1-3417ed5350b6
6dccc70b-3684-420e-84f7-e547028451c3,note,1dd2f5dc-44e1-4ddd-9796-f944d94b4416
fa856607-7cf8-40dd-b10a-17dcce451d3f,note,0d9897b7-8b80-4f4f-a04e-b920ee51c9e4
b53aac84-926f-4f93-aa8f-fc6d7db00a2c,note,153faaad-1da0-4839-9961-718b00f2c63c
95ae5521-be6c-4755-ab66-7299487c83a9,note,92aa3d56-60d6-4ecf-ab04-9e84b441ae1e
6ae4be5e-f878-4bfb-b2fb-8ef607c16d1d,note,307fd55a-046e-4c48-ac93-4321749b00a7
b53aac84-926f-4f93-aa8f-fc6d7db00a2c,note,3afd9ba9-d7d3-44f1-929d-cbd549256662
0dbd97d3-46d4-4901-bc2d-cd8dfa1bdc57,note,0597f052-b630-40c6-bd34-4f6942e47d6c
504035dc-8a26-4608-a7fb-0047f72de647,note,bd211184-203b-4431-95fb-15f995a12417
85ecd82f-291a-4d5b-a7f1-924f5124eeaf,note,07b3bd7f-640f-4b80-9366-a5ee7d7c16bb
c5eb68a6-bd71-4717-ad2c-f32b35cbe206,note,5f99fcbd-e04b-4b24-9eb5-f1de34c931ca
591862f3-97be-4dd5-bc66-b0a5648a0fcc,note,de4ff356-ca2c-4e63-83b0-370676d61e46
a603c58a-6057-43e4-85ad-b693f0f15eb5,note,fa3b3533-d3b9-4010-aebd-74cf48d04a48
b53aac84-926f-4f93-aa8f-fc6d7db00a2c,note,ca0a6fbc-5052-4b90-a7ad-49e18cb7663b
c24508fe-eaa7-4228-8601-3ccc6296cc36,note,23d45700-2bf3-48ab-95cb-f74bf89a4413
a603c58a-6057-43e4-85ad-b693f0f15eb5,note,65960c70-ff7f-4727-871d-2a680e2f4547
95ae5521-be6c-4755-ab66-7299487c83a9,note,fc29d67d-240b-4807-8ee1-12611e5db130
c67f5cbd-0a60-4497-97aa-b0cebe464b72,note,23d45700-2bf3-48ab-95cb-f74bf89a4413
6ae4be5e-f878-4bfb-b2fb-8ef607c16d1d,note,f22a1d39-d38c-4edd-8897-883de91cc6f5
6dccc70b-3684-420e-84f7-e547028451c3,note,8992347d-f41c-44fc-9eaa-061e53ccbef2
c67f5cbd-0a60-4497-97aa-b0cebe464b72,note,54275402-b837-44ee-b3af-f436cad46538
b4536fea-4bb5-434c-97c1-5c78b16d8efd,note,556ed844-be3d-4f78-a6eb-b6362bcbe19f
733f8566-173d-41a1-adf4-e9ed4aa63dbf,note,eb57fd63-d51d-453b-a4b0-3dfab91c146d
f25edb08-42c9-4c6d-b48e-c1a77a9497ba,note,4b83bfd9-bfc3-473d-bfce-752dd61224c0
c67f5cbd-0a60-4497-97aa-b0cebe464b72,note,eb57fd63-d51d-453b-a4b0-3dfab91c146d
fa856607-7cf8-40dd-b10a-17dcce451d3f,note,d31020d7-aaac-4ff5-8db9-a7e2f08d963a
19dd8403-31cc-4e1a-9ca2-a54b5be80abe,note,79e31dd2-5164-4477-9b1c-54ead45bd94e
cfbe6945-9a44-4522-b5ea-507056bf5566,note,2a6434cb-a653-4e7e-915e-b3a72e714b02
b53aac84-926f-4f93-aa8f-fc6d7db00a2c,note,47356aaf-0755-4d5d-8a7c-1d7e86050610
3dc5b9af-dd7a-4208-b208-5aea11863340,note,433b41d1-3723-4279-b56b-a587178e803c
ff2c8044-6f1d-4476-9f39-120c6d771220,note,a373da59-1062-47d5-a4ca-639400d56d67
cfbe6945-9a44-4522-b5ea-507056bf5566,note,4843a049-7376-4bd5-857b-4862b9d911f6
225ae5bb-bcc2-430c-9fb7-c9560c510007,note,b066f9fc-2728-4a9f-a5cb-3402c2021d21
0dbd97d3-46d4-4901-bc2d-cd8dfa1bdc57,note,ed6ac985-4675-4fbd-b27e-7a4b70fd72b1
584119b9-3223-41e3-b558-c00afe1bca10,note,d0526e2f-8962-41c4-8773-11c9249c40ae
b53aac84-926f-4f93-aa8f-fc6d7db00a2c,note,bceb5853-05ae-40ed-bd46-a8c116dcaeb9
9b8b5d1b-dd30-4b70-a815-d88515ef00d2,note,c25f2004-cb65-4f3a-a5d2-29923f85c1f8
f89f9042-52a3-41c7-a5dc-b49ee9676bf1,note,197d8a7f-0af2-4453-87f2-dc7c62f1bddf
fa856607-7cf8-40dd-b10a-17dcce451d3f,note,024df15b-610a-433b-a721-be67b4963d05
591862f3-97be-4dd5-bc66-b0a5648a0fcc,note,8af3652c-7593-4e2a-b063-5e8121e3b12c
a253d241-ec94-47be-8b16-6f2ee6de8c94,note,1e2c8906-d134-4ee2-a316-e3638f7abcfe
d282d27f-9a0f-4cc6-ab78-b997f4f201be,note,81d10c3c-fad9-42fd-8701-beacbb2b453e
b53aac84-926f-4f93-aa8f-fc6d7db00a2c,note,8cc03914-4bbb-49d9-903c-61a012fa635a
85ecd82f-291a-4d5b-a7f1-924f5124eeaf,note,b101e29a-7457-4dd0-b633-8b3f80663d6f
95ae5521-be6c-4755-ab66-7299487c83a9,note,d2822c79-4b33-44bf-8c54-a8a17aab59ce
95ac3187-a8bb-4204-9630-dbd7f37e1837,note,80e7c216-b1ca-44c0-9c46-b0cd709c264d
85ecd82f-291a-4d5b-a7f1-924f5124eeaf,note,47356aaf-0755-4d5d-8a7c-1d7e86050610
7cb22c77-949b-423d-a2f2-41fd86318b1e,note,c055b3a7-f33a-4d89-ad2d-a13e55099682
5a717d14-cab2-4cdf-b244-57ba9bbae698,note,c214bd89-772e-4272-b350-1db7864875c5
fa856607-7cf8-40dd-b10a-17dcce451d3f,note,ae5968e0-9792-4bb2-a230-a732cbb049df
85ecd82f-291a-4d5b-a7f1-924f5124eeaf,note,67c2f099-be23-490a-a013-fdf36edbb0e3
215ad551-93be-4cfa-9597-83843817be2f,note,16173882-7dd6-45e9-996d-aa99081ff70b
b4536fea-4bb5-434c-97c1-5c78b16d8efd,note,e191d154-de21-4e96-87db-726d017db34d
85ecd82f-291a-4d5b-a7f1-924f5124eeaf,note,239c3704-dbb3-49c0-9af8-cbb8fd1c8e18
c5eb68a6-bd71-4717-ad2c-f32b35cbe206,note,30dea839-27ff-4949-8ab1-e33216c97552
b53aac84-926f-4f93-aa8f-fc6d7db00a2c,note,dd9f9e76-c066-4371-b9af-3049683e51f5
62bb79f8-6d7e-4915-bda1-184cf485f9b3,note,67c2f099-be23-490a-a013-fdf36edbb0e3
fa856607-7cf8-40dd-b10a-17dcce451d3f,note,2e3fecc2-df06-478a-b3e6-c0c8e3d75540
1255a71a-1012-4b6b-a490-7a1deb8fb209,note,5e07155a-c94b-48f0-ba2a-28a4532fd889
b4536fea-4bb5-434c-97c1-5c78b16d8efd,note,0597f052-b630-40c6-bd34-4f6942e47d6c
fa856607-7cf8-40dd-b10a-17dcce451d3f,note,3ac99fb3-d847-4e7b-8601-c651fa7f5ebd
b4536fea-4bb5-434c-97c1-5c78b16d8efd,note,c214bd89-772e-4272-b350-1db7864875c5
b9a80778-7c84-4e6a-a3b7-f1e08ee38502,note,6dc3e16b-0341-48e1-b62b-a3f3750bd4bc
fa856607-7cf8-40dd-b10a-17dcce451d3f,note,4a12407e-9f4b-441b-8fad-5a2109090d46
3dc5b9af-dd7a-4208-b208-5aea11863340,note,0e8f0381-60b2-4a96-a89f-678dbd6bbde7
2c332563-90fd-424b-af38-1bb0d019f1d8,note,af350d1f-4dc1-4c98-8cb0-4cc06977eda4
b2bfe0ce-2fe7-4b73-9bcf-0aac862f5d32,note,76583472-a27e-4974-91f8-9cf4c9f8b51b
3dc5b9af-dd7a-4208-b208-5aea11863340,note,d83658cc-3d48-43dd-a02c-5b45a82fd655
0ab37136-9ce6-4638-826d-ec9a2632d43c,note,93bcd0ad-2a54-4741-a1d6-1482116fe96a
95ac3187-a8bb-4204-9630-dbd7f37e1837,note,7b3d9f25-6661-4edb-9401-1b44582a68bb
2d4949ca-9b60-4818-a4b1-f5147e242eef,note,6dfefec7-0594-4361-b981-19574cc548ee
c67f5cbd-0a60-4497-97aa-b0cebe464b72,note,c1821819-f973-43f5-b55f-e9c5836276e7
fa856607-7cf8-40dd-b10a-17dcce451d3f,note,a9929de2-0318-4f1e-b6ff-1794ca637d67
a603c58a-6057-43e4-85ad-b693f0f15eb5,note,d5e41376-7c14-4d33-a707-c356ce4cc11c
3c6e6f63-2fef-4d9f-85ee-56186fc27c40,note,bda4c9c2-fcb5-4e72-862f-9e9113c1222c
08ad4461-9247-455e-901b-d2be5f65cb0f,note,07b3bd7f-640f-4b80-9366-a5ee7d7c16bb
b4536fea-4bb5-434c-97c1-5c78b16d8efd,note,0717366b-8411-41fd-984d-db97f276b1d9
3dc5b9af-dd7a-4208-b208-5aea11863340,note,d6cef8cc-4692-456a-90bd-2241c8acf4d6
95ae5521-be6c-4755-ab66-7299487c83a9,note,e191d154-de21-4e96-87db-726d017db34d
0dbd97d3-46d4-4901-bc2d-cd8dfa1bdc57,note,54275402-b837-44ee-b3af-f436cad46538
8a39b924-8b02-448b-9b3c-7d81a2581741,note,e8e0814d-e4b7-4dec-8c7b-6ff951090d32
fa856607-7cf8-40dd-b10a-17dcce451d3f,note,1229d92c-5378-47c8-80e2-de1aeae02bbf
fa856607-7cf8-40dd-b10a-17dcce451d3f,note,82d44438-0476-449e-9abb-16baa78fad17
85ecd82f-291a-4d5b-a7f1-924f5124eeaf,note,eb1bc813-33d0-467b-9cf6-eeaf46719f2e
fa856607-7cf8-40dd-b10a-17dcce451d3f,note,618fa3ce-0000-4892-932f-870c00554e9c
95ae5521-be6c-4755-ab66-7299487c83a9,note,e57ebbec-2171-441e-bb9e-ae8fef120e06
95ae5521-be6c-4755-ab66-7299487c83a9,note,cf8633ad-34ba-49b9-9e53-714228088194
0ab37136-9ce6-4638-826d-ec9a2632d43c,note,f85bc180-fe80-425a-849b-e798c33488fc
4f879a5e-ac0e-41d5-a23c-894ed90b823f,note,cdf1ce6f-edba-4939-8c9b-b73e1d9dcd9b
97cd7e04-52ca-4a26-a182-e67709d354f7,note,be888635-6cf2-41ff-9eed-6015ed67b517
1854201a-a5ce-4c01-9bb5-4aef2f9a98f9,note,d63a1044-f30b-4e86-ac71-fb11dd192024
c67f5cbd-0a60-4497-97aa-b0cebe464b72,note,c11faa2d-5120-489f-b024-f10f49a7388b
2d4949ca-9b60-4818-a4b1-f5147e242eef,note,8992347d-f41c-44fc-9eaa-061e53ccbef2
993a729f-865a-4cb9-94c7-7a11ccca1bfb,note,eb1bc813-33d0-467b-9cf6-eeaf46719f2e
95ae5521-be6c-4755-ab66-7299487c83a9,note,c25f2004-cb65-4f3a-a5d2-29923f85c1f8
8ce3304f-0125-462a-b25d-357949bd94e7,note,b74f3459-7462-4772-ab3b-0ef855bcebff
c67f5cbd-0a60-4497-97aa-b0cebe464b72,note,ec95b878-e621-4e1c-8983-bda8d4a4da10
c67f5cbd-0a60-4497-97aa-b0cebe464b72,note,4bb751fd-adf6-4d77-aa45-71b227377e9a
8ce3304f-0125-462a-b25d-357949bd94e7,note,dea95d90-20fd-4165-8093-95003b186fa5
54703bb6-e2a1-4f14-a6b8-f33d0e934b08,note,661fe878-a506-4985-983a-5b4eb2785ce6
8797e3d8-d0a7-4026-8ce6-53438121f059,note,4b364e63-fb48-45fa-b599-aa26e6629ff8
733f8566-173d-41a1-adf4-e9ed4aa63dbf,note,ed521555-1c72-4e2f-9ce1-02dd9918d0be
34023e37-103a-404a-8699-7d9c93946e48,note,8992347d-f41c-44fc-9eaa-061e53ccbef2
ee6509f5-5df6-4c62-a19b-10b4efa1d2c8,note,3aab62e4-1f2e-46d6-837a-8d3e9896ce15
6dccc70b-3684-420e-84f7-e547028451c3,note,6a0adab5-952c-4812-af51-c21e15b98d32
b53aac84-926f-4f93-aa8f-fc6d7db00a2c,note,14230232-6246-4d13-9402-f77d794a6633
ba62b499-1da2-49c1-bc7c-1d07a3587c40,note,7b3d9f25-6661-4edb-9401-1b44582a68bb
95ae5521-be6c-4755-ab66-7299487c83a9,note,448be0f5-cdd6-44cc-9581-1b4f217fbf18
f89f9042-52a3-41c7-a5dc-b49ee9676bf1,note,b8e73c7d-3651-42b2-a8ee-c1aadaacdcfa
37b87ccf-f2de-47a0-afa8-c9c176c9a22d,note,cd3acbc1-e030-4fd5-a5b5-8c5c8a00ac98
cfbe6945-9a44-4522-b5ea-507056bf5566,note,88532d6e-f518-421d-8cab-328ddf6d4072
cfbe6945-9a44-4522-b5ea-507056bf5566,note,bcb214d2-607a-46b3-ad89-d694683540f7
c67f5cbd-0a60-4497-97aa-b0cebe464b72,note,2b066334-8ae3-4015-ad71-c618efbc48f5
b4536fea-4bb5-434c-97c1-5c78b16d8efd,note,67c2f099-be23-490a-a013-fdf36edbb0e3
76bfb96f-4a0c-4c71-83b7-70b961eafe2b,note,a245d465-5036-4fc9-8a0f-88a684f35e46
85ecd82f-291a-4d5b-a7f1-924f5124eeaf,note,a34ecfc4-1af5-46c7-accd-0dba7c16237d
b4536fea-4bb5-434c-97c1-5c78b16d8efd,note,fc29d67d-240b-4807-8ee1-12611e5db130
c67f5cbd-0a60-4497-97aa-b0cebe464b72,note,ecf4d481-0df2-47f9-9498-13354b1263d0
fa856607-7cf8-40dd-b10a-17dcce451d3f,note,03005a5b-a57d-4e1e-882a-ecc040f454b2
7cb22c77-949b-423d-a2f2-41fd86318b1e,note,d63a1044-f30b-4e86-ac71-fb11dd192024
95ae5521-be6c-4755-ab66-7299487c83a9,note,76f5c2e8-dee1-465b-9e10-83888ff75bda
fa856607-7cf8-40dd-b10a-17dcce451d3f,note,a7c323aa-83ad-4be2-b819-88daff22acee
6dccc70b-3684-420e-84f7-e547028451c3,note,a25f5c81-4516-482a-b983-9c80672c62d5
fa856607-7cf8-40dd-b10a-17dcce451d3f,note,1cec7adf-ab26-460d-be7a-5dffab648136
0f93c0f2-7f36-4bdb-8e50-76239a37c020,note,ecf4d481-0df2-47f9-9498-13354b1263d0
c67f5cbd-0a60-4497-97aa-b0cebe464b72,note,4ac1421f-2ade-4127-aa57-c6851f54cb60
f409d6e2-41f2-487f-96c9-dfaf30b5ef31,note,14230232-6246-4d13-9402-f77d794a6633
8797e3d8-d0a7-4026-8ce6-53438121f059,note,dd05c853-d91f-4d0c-b911-c3c6392ffc68
c67f5cbd-0a60-4497-97aa-b0cebe464b72,note,cd3acbc1-e030-4fd5-a5b5-8c5c8a00ac98
95ac3187-a8bb-4204-9630-dbd7f37e1837,note,ad57fe92-e07f-4d28-bf4e-54bca10fef60
fa856607-7cf8-40dd-b10a-17dcce451d3f,note,98bd59ad-0237-41fe-bd6d-4282f702e171
85ecd82f-291a-4d5b-a7f1-924f5124eeaf,note,b8e73c7d-3651-42b2-a8ee-c1aadaacdcfa
4f879a5e-ac0e-41d5-a23c-894ed90b823f,note,fe182c00-cc82-4d24-a429-835ea586a78e
85ecd82f-291a-4d5b-a7f1-924f5124eeaf,note,84da9da3-fbf0-4079-b65e-ca86b3e80efc
6dccc70b-3684-420e-84f7-e547028451c3,note,aea82867-37c8-44cf-95f7-8879d06cd5c3
6dccc70b-3684-420e-84f7-e547028451c3,note,2db69812-0994-45c9-ade5-4e26b3e1ae3c
40183b05-66a6-4658-be4a-45e66fd98243,note,414914ba-9fbd-4a48-b80b-7dce502f0874
b4536fea-4bb5-434c-97c1-5c78b16d8efd,note,f2e0223f-18d8-4287-b4a0-43606e561589
85ecd82f-291a-4d5b-a7f1-924f5124eeaf,note,d8baf721-2a5a-40b2-9794-50420042d013
a253d241-ec94-47be-8b16-6f2ee6de8c94,note,d6cef8cc-4692-456a-90bd-2241c8acf4d6
68a0816f-3226-4fb1-8872-e32c72af968f,note,38e90c0b-9370-400b-ba57-85e97d096d5b
7cb22c77-949b-423d-a2f2-41fd86318b1e,note,8fd3a5e9-3476-42d4-aa00-b740cca2f6c9
ae2e51d3-7104-442e-a216-9bc56571151e,note,c38c394c-e13d-457f-a1c0-2e35d85daefe
85ecd82f-291a-4d5b-a7f1-924f5124eeaf,note,ae4f94ec-8c24-4c26-ad16-9931b71615c0
fa856607-7cf8-40dd-b10a-17dcce451d3f,note,3145f404-0e86-4aba-b95f-d2a043e13a0b
85ecd82f-291a-4d5b-a7f1-924f5124eeaf,note,972c0655-008c-4bfb-8965-e3980bf1c706
c67f5cbd-0a60-4497-97aa-b0cebe464b72,note,2db69812-0994-45c9-ade5-4e26b3e1ae3c
122069ed-4407-4bdf-83ee-5953252fa5c8,note,f585f95b-f4ef-41cb-aea1-1db0bc3c3fb1
b53aac84-926f-4f93-aa8f-fc6d7db00a2c,note,cdf1ce6f-edba-4939-8c9b-b73e1d9dcd9b
ef8c499d-a185-4c52-93c4-83729a3d5ddc,note,65960c70-ff7f-4727-871d-2a680e2f4547
54703bb6-e2a1-4f14-a6b8-f33d0e934b08,note,bd88a5fe-2103-45ab-b511-fca0a4731033
df486d8d-f51a-439f-8b46-cc74fc888c58,note,9a577223-4b8f-4841-95df-6c7c4847b864
584119b9-3223-41e3-b558-c00afe1bca10,note,83ff3d9e-bb28-4cbd-96ed-4338d3f71b20
fa856607-7cf8-40dd-b10a-17dcce451d3f,note,93544417-6b51-4920-a0bf-5752bf5f94c5
94d5572a-8407-43e7-8595-960856759d09,note,ffe71239-cd9c-44b0-8cc8-9f6e4e914ce5
a65e5315-4bc7-4355-8e3e-eb485fccaeed,note,7f3b5466-4a02-47fe-9db1-c104ce0e0f28
ff2c8044-6f1d-4476-9f39-120c6d771220,note,dd9f9e76-c066-4371-b9af-3049683e51f5
54703bb6-e2a1-4f14-a6b8-f33d0e934b08,note,29260fb3-f12b-47d4-a910-f85d60073f33
cfbe6945-9a44-4522-b5ea-507056bf5566,note,a1b72a70-618e-4160-82d2-804d4ec225cd
df965064-ad51-4368-a087-49ecf7c5fc16,note,0cc03111-4a63-4be7-9977-04667cd811c8
f25edb08-42c9-4c6d-b48e-c1a77a9497ba,note,c516e226-b969-44d3-a92c-ad69e1805f1c
6dccc70b-3684-420e-84f7-e547028451c3,note,d0ad1617-8c5c-4521-9a97-a505a8ceef84
62bb79f8-6d7e-4915-bda1-184cf485f9b3,note,dbe7a7d0-4893-440c-a341-6d43fa91d103
40183b05-66a6-4658-be4a-45e66fd98243,note,29ef925a-884f-4a09-9ff6-272c8dccc1e7
95ae5521-be6c-4755-ab66-7299487c83a9,note,dea95d90-20fd-4165-8093-95003b186fa5
3a983df1-5d53-4c7e-bb43-55ffa1295066,note,f1697866-9142-48ca-97c0-6b4f20889717
2d4949ca-9b60-4818-a4b1-f5147e242eef,note,8d5b7941-ec8f-4ff3-a6ea-adfb1cde222a
158e7241-ea47-4ab6-abef-79495bcacb4d,note,d3957605-a9ce-4629-9114-a7384056cd8a
a603c58a-6057-43e4-85ad-b693f0f15eb5,note,c6565851-9e46-4ce2-ae30-fa3ad028fc67
6dccc70b-3684-420e-84f7-e547028451c3,note,ad57fe92-e07f-4d28-bf4e-54bca10fef60
6dccc70b-3684-420e-84f7-e547028451c3,note,74c83f70-462b-4a35-8500-e19b5d0069b6
48b9f589-c58e-406e-a1f2-f0ae46f961dc,note,89220811-2e2b-45cb-856d-5e406e76a312
8797e3d8-d0a7-4026-8ce6-53438121f059,note,595fb03e-d453-41b5-9ec9-b8aa71970afa
158e7241-ea47-4ab6-abef-79495bcacb4d,note,307fd55a-046e-4c48-ac93-4321749b00a7
c67f5cbd-0a60-4497-97aa-b0cebe464b72,note,ffe71239-cd9c-44b0-8cc8-9f6e4e914ce5
0dbd97d3-46d4-4901-bc2d-cd8dfa1bdc57,note,9d220e94-86d8-4842-b467-3ffc2f320ba2
fa856607-7cf8-40dd-b10a-17dcce451d3f,note,f15ed702-5a74-4f45-ab76-6ec9fde8f5f9
85ecd82f-291a-4d5b-a7f1-924f5124eeaf,note,dea95d90-20fd-4165-8093-95003b186fa5
fa856607-7cf8-40dd-b10a-17dcce451d3f,note,f18ea4ce-3b63-4421-83c0-1af546d21cc4
a95f9de2-0bcb-4eff-ae22-6091999d7070,note,346467d4-4595-4263-afb2-9d30a8c0b4ac
e670bdbc-7fa8-4469-82a8-bacf2b771525,note,dce60163-f50c-4292-87b1-12f6db962af8
a253d241-ec94-47be-8b16-6f2ee6de8c94,note,661fe878-a506-4985-983a-5b4eb2785ce6
a603c58a-6057-43e4-85ad-b693f0f15eb5,note,c516e226-b969-44d3-a92c-ad69e1805f1c
db04e593-b4e3-4727-b1c8-361646809b32,note,a1b72a70-618e-4160-82d2-804d4ec225cd
6dccc70b-3684-420e-84f7-e547028451c3,note,173fa812-b971-4052-8a6d-c552d9cd7dc8
c67f5cbd-0a60-4497-97aa-b0cebe464b72,note,b74f3459-7462-4772-ab3b-0ef855bcebff
ab6c1670-be05-474a-962a-01e823b6896b,note,c516e226-b969-44d3-a92c-ad69e1805f1c
95ac3187-a8bb-4204-9630-dbd7f37e1837,note,2ebafe00-6281-40a8-aa57-a39d38cffd4a
584119b9-3223-41e3-b558-c00afe1bca10,note,307fd55a-046e-4c48-ac93-4321749b00a7
f25edb08-42c9-4c6d-b48e-c1a77a9497ba,note,963d0318-feba-4e8a-bed2-54f5479e9896
85ecd82f-291a-4d5b-a7f1-924f5124eeaf,note,29ef925a-884f-4a09-9ff6-272c8dccc1e7
85ecd82f-291a-4d5b-a7f1-924f5124eeaf,note,e4f8684f-9f86-4743-a16b-60ac606f0674
a253d241-ec94-47be-8b16-6f2ee6de8c94,note,a0a21f75-f5f2-488f-a2b7-9bc8a7d92571
2d4949ca-9b60-4818-a4b1-f5147e242eef,note,d5e41376-7c14-4d33-a707-c356ce4cc11c
40183b05-66a6-4658-be4a-45e66fd98243,note,fc88e494-91d5-4cfc-9c93-52502b32242e
a4392d08-c408-4876-a5c1-2da35a4794a7,note,9126e37e-ca19-464e-bc50-f10f38009283
85ecd82f-291a-4d5b-a7f1-924f5124eeaf,note,bd88a5fe-2103-45ab-b511-fca0a4731033
3d2e7c4f-0624-4af0-be73-982104c851e4,note,e191d154-de21-4e96-87db-726d017db34d
fa856607-7cf8-40dd-b10a-17dcce451d3f,note,6ac27dc6-0fe4-4ac6-922b-b1ce99e41bf1
94b79f72-b60b-47b4-833a-492875ffe937,note,ad2fa153-c1a8-4d7b-93f6-1de9bd6f23eb
6dccc70b-3684-420e-84f7-e547028451c3,note,d5e41376-7c14-4d33-a707-c356ce4cc11c
b53aac84-926f-4f93-aa8f-fc6d7db00a2c,note,c5a53111-1599-49e7-86db-6f6b55eed907
85ecd82f-291a-4d5b-a7f1-924f5124eeaf,note,8989ea75-bdd8-44c7-80dd-51027ead229e
ab6c1670-be05-474a-962a-01e823b6896b,note,e66335ce-122c-46ac-8778-d2f60e4e8b08
fc770fcc-9eef-43ce-87a7-fe292acbbb92,note,602ca844-d355-4169-9118-9c1fdfeb1193
b99bf4a1-e64e-42a4-857e-c7765233b438,note,8d98c47a-ce4b-4727-89bc-a2f7d2bbbc98
94b79f72-b60b-47b4-833a-492875ffe937,note,c38c394c-e13d-457f-a1c0-2e35d85daefe
733f8566-173d-41a1-adf4-e9ed4aa63dbf,note,1f213061-cadb-465a-8445-0a9de9979f6f
a65e5315-4bc7-4355-8e3e-eb485fccaeed,note,f892fd12-8cfc-44c3-a810-e19d0c839085
a253d241-ec94-47be-8b16-6f2ee6de8c94,note,c068187c-a185-443c-b6b8-acdac4e016c5
95ae5521-be6c-4755-ab66-7299487c83a9,note,6ca79bac-b110-499e-b455-8decd1d80d23
e71033cc-a5e8-4442-b833-d2bbd5068e67,note,602ca844-d355-4169-9118-9c1fdfeb1193
6f225f70-cb15-4267-9b69-a0cfbe4ec4df,note,b4a1d6bf-43d1-44e6-aa5a-04a0a04ee7a7
a65e5315-4bc7-4355-8e3e-eb485fccaeed,note,c068187c-a185-443c-b6b8-acdac4e016c5
c67f5cbd-0a60-4497-97aa-b0cebe464b72,note,fe182c00-cc82-4d24-a429-835ea586a78e
85ecd82f-291a-4d5b-a7f1-924f5124eeaf,note,140c64ce-3599-46ea-87af-dfd611ca2120
0dbd97d3-46d4-4901-bc2d-cd8dfa1bdc57,note,d29f3222-6fc1-4af0-8898-3eeb20e36c04
40183b05-66a6-4658-be4a-45e66fd98243,note,2a36eb62-21e6-4984-83b2-e80ec28b2bd7
c67f5cbd-0a60-4497-97aa-b0cebe464b72,note,414914ba-9fbd-4a48-b80b-7dce502f0874
b4536fea-4bb5-434c-97c1-5c78b16d8efd,note,14230232-6246-4d13-9402-f77d794a6633
584119b9-3223-41e3-b558-c00afe1bca10,note,e81dbaa4-96f7-4d3b-adb1-7891bfc2e06a
158e7241-ea47-4ab6-abef-79495bcacb4d,note,0e8f0381-60b2-4a96-a89f-678dbd6bbde7
b53aac84-926f-4f93-aa8f-fc6d7db00a2c,note,b74f3459-7462-4772-ab3b-0ef855bcebff
fa856607-7cf8-40dd-b10a-17dcce451d3f,note,9b0c7b28-49ad-4964-b961-b425f2014764
95ae5521-be6c-4755-ab66-7299487c83a9,note,ed6ac985-4675-4fbd-b27e-7a4b70fd72b1
158e7241-ea47-4ab6-abef-79495bcacb4d,note,d0526e2f-8962-41c4-8773-11c9249c40ae
1bf9537d-4a4c-43a6-b448-c32320a8fce8,note,9eb1937f-e77a-4413-8173-9a72db99cc3e
95ac3187-a8bb-4204-9630-dbd7f37e1837,note,c6565851-9e46-4ce2-ae30-fa3ad028fc67
fa856607-7cf8-40dd-b10a-17dcce451d3f,note,341af73a-94a8-4783-a392-7d1c049e3c71
b53aac84-926f-4f93-aa8f-fc6d7db00a2c,note,c08bfb7e-2ddb-411e-b755-6dcf12b304d9
cfbe6945-9a44-4522-b5ea-507056bf5566,note,7b5778dd-88cc-4168-b57a-8c594729c344
fa856607-7cf8-40dd-b10a-17dcce451d3f,note,fa7c7eed-c44a-4525-90ab-add91433db8a
ee6509f5-5df6-4c62-a19b-10b4efa1d2c8,note,6a0adab5-952c-4812-af51-c21e15b98d32
b817cdc2-ac38-4e77-9e91-58f551c4c26d,note,2db69812-0994-45c9-ade5-4e26b3e1ae3c
0ab37136-9ce6-4638-826d-ec9a2632d43c,note,6ca79bac-b110-499e-b455-8decd1d80d23
6dccc70b-3684-420e-84f7-e547028451c3,note,5f99fcbd-e04b-4b24-9eb5-f1de34c931ca
b53aac84-926f-4f93-aa8f-fc6d7db00a2c,note,c0874039-da61-4757-976f-39a2c84be946
85ecd82f-291a-4d5b-a7f1-924f5124eeaf,note,16173882-7dd6-45e9-996d-aa99081ff70b
df486d8d-f51a-439f-8b46-cc74fc888c58,note,493f3aa8-0b39-4b40-a3ad-bfd852a1d63f
c67f5cbd-0a60-4497-97aa-b0cebe464b72,note,0e8f0381-60b2-4a96-a89f-678dbd6bbde7
c67f5cbd-0a60-4497-97aa-b0cebe464b72,note,f5abe9c1-0e40-4537-aefd-321c8ed832c4
b9c4e9cb-3895-406a-95ed-c70e0c2e4c2b,note,8992347d-f41c-44fc-9eaa-061e53ccbef2
bc4d05b7-c6b7-495f-951b-6da50abe788b,note,b4a1d6bf-43d1-44e6-aa5a-04a0a04ee7a7
584119b9-3223-41e3-b558-c00afe1bca10,note,c5a53111-1599-49e7-86db-6f6b55eed907
7cb22c77-949b-423d-a2f2-41fd86318b1e,note,433b41d1-3723-4279-b56b-a587178e803c
fa856607-7cf8-40dd-b10a-17dcce451d3f,note,f4000533-d3b1-4d89-b12d-4264a64a2590
c67f5cbd-0a60-4497-97aa-b0cebe464b72,note,a1b72a70-618e-4160-82d2-804d4ec225cd
7d789d45-763e-472e-b1ca-0cadab850ce7,note,52ef2a86-921f-4c31-a814-7387ebe2e7f0
b53aac84-926f-4f93-aa8f-fc6d7db00a2c,note,ae4f94ec-8c24-4c26-ad16-9931b71615c0
85ecd82f-291a-4d5b-a7f1-924f5124eeaf,note,76f5c2e8-dee1-465b-9e10-83888ff75bda
c67f5cbd-0a60-4497-97aa-b0cebe464b72,note,d1a28946-7909-4ffb-bd8c-e22d5e364dfe
b53aac84-926f-4f93-aa8f-fc6d7db00a2c,note,a86bd266-252f-41de-bcd2-ba4a952edff4
c67f5cbd-0a60-4497-97aa-b0cebe464b72,note,d3957605-a9ce-4629-9114-a7384056cd8a
95ae5521-be6c-4755-ab66-7299487c83a9,note,f585f95b-f4ef-41cb-aea1-1db0bc3c3fb1
cfbe6945-9a44-4522-b5ea-507056bf5566,note,8a89d5ee-9538-4f34-8836-98ae8b87ba84
a65e5315-4bc7-4355-8e3e-eb485fccaeed,note,0a9fda12-7b1c-425c-b15c-76281dd7fd4b
b53aac84-926f-4f93-aa8f-fc6d7db00a2c,note,76f5c2e8-dee1-465b-9e10-83888ff75bda
b4536fea-4bb5-434c-97c1-5c78b16d8efd,note,4ba3226b-f6b9-4da5-bdde-6c726d232624
95ae5521-be6c-4755-ab66-7299487c83a9,note,ffe71239-cd9c-44b0-8cc8-9f6e4e914ce5
6dccc70b-3684-420e-84f7-e547028451c3,note,4b364e63-fb48-45fa-b599-aa26e6629ff8
fa856607-7cf8-40dd-b10a-17dcce451d3f,note,f161405d-ad9b-4c1b-b43e-6689525c5ffc
95ac3187-a8bb-4204-9630-dbd7f37e1837,note,c1821819-f973-43f5-b55f-e9c5836276e7
b670cd11-c841-4bff-9e85-aa0ef46a7605,note,ca0a6fbc-5052-4b90-a7ad-49e18cb7663b
c67f5cbd-0a60-4497-97aa-b0cebe464b72,note,eeb108c1-b244-47f3-a157-5f283a5e4296
fa856607-7cf8-40dd-b10a-17dcce451d3f,note,6f9ae2a4-f848-445a-acef-b6e037177b8f
34023e37-103a-404a-8699-7d9c93946e48,note,f22a1d39-d38c-4edd-8897-883de91cc6f5
b4536fea-4bb5-434c-97c1-5c78b16d8efd,note,9028593c-f210-48d9-8f8c-0d6e53fe5834
62bb79f8-6d7e-4915-bda1-184cf485f9b3,note,7b5778dd-88cc-4168-b57a-8c594729c344
6dccc70b-3684-420e-84f7-e547028451c3,note,38e90c0b-9370-400b-ba57-85e97d096d5b
0dbd97d3-46d4-4901-bc2d-cd8dfa1bdc57,note,d63a1044-f30b-4e86-ac71-fb11dd192024
f25edb08-42c9-4c6d-b48e-c1a77a9497ba,note,448be0f5-cdd6-44cc-9581-1b4f217fbf18
b9c4e9cb-3895-406a-95ed-c70e0c2e4c2b,note,7f3b5466-4a02-47fe-9db1-c104ce0e0f28
cfbe6945-9a44-4522-b5ea-507056bf5566,note,eeb108c1-b244-47f3-a157-5f283a5e4296
3e81d1b3-29b7-493f-a569-7cc31fc497d0,note,7f093e4d-1a87-4dff-aee5-047aca6b0e1b
8f481ecf-b7c6-4f3c-bd92-f7f5f0d5b2db,note,1dd2f5dc-44e1-4ddd-9796-f944d94b4416
b9c4e9cb-3895-406a-95ed-c70e0c2e4c2b,note,74c83f70-462b-4a35-8500-e19b5d0069b6
c67f5cbd-0a60-4497-97aa-b0cebe464b72,note,a974fe51-e983-4ba5-9d85-99676bbb1d01
acc17325-d648-489c-9f22-2bb9c7fd4a40,note,23d45700-2bf3-48ab-95cb-f74bf89a4413
c67f5cbd-0a60-4497-97aa-b0cebe464b72,note,a5211969-4e9b-456e-92f2-172ac6789ab3
3534c1fe-bdd6-450a-9981-e76757e1b250,note,197d8a7f-0af2-4453-87f2-dc7c62f1bddf
b4536fea-4bb5-434c-97c1-5c78b16d8efd,note,433b41d1-3723-4279-b56b-a587178e803c
be908c98-736e-4696-bf5b-86d76cb7240a,note,d63a1044-f30b-4e86-ac71-fb11dd192024
067d5eba-aa7b-4c49-9350-72255e39b557,note,4a940dab-10b6-4765-86c2-7cbc509d8685
95ae5521-be6c-4755-ab66-7299487c83a9,note,bceb5853-05ae-40ed-bd46-a8c116dcaeb9
3a983df1-5d53-4c7e-bb43-55ffa1295066,note,2ef8f1b3-b499-48d3-a00c-a7dda249b032
6dccc70b-3684-420e-84f7-e547028451c3,note,bba29a57-cc2f-46d8-a77a-36e2e2faf2bf
c67f5cbd-0a60-4497-97aa-b0cebe464b72,note,9f1933bb-6d2e-46f2-ba2b-04877cab4e0e
c67f5cbd-0a60-4497-97aa-b0cebe464b72,note,fab9dc98-97a9-489e-9f7e-1d568f5ff7ac
c67f5cbd-0a60-4497-97aa-b0cebe464b72,note,cf8633ad-34ba-49b9-9e53-714228088194
b4536fea-4bb5-434c-97c1-5c78b16d8efd,note,3afd9ba9-d7d3-44f1-929d-cbd549256662
f96204a8-b63d-417c-9336-25566abc74e5,note,6084d03b-0ebf-44e8-9d8b-922ea4f335ba
9873bf59-4469-43b7-a754-ea7ed57fce85,note,9a577223-4b8f-4841-95df-6c7c4847b864
a0842a9a-1e36-43a9-9e4f-86a48b451712,note,f4a905c6-ff10-40dd-a298-f5c022317915
ba62b499-1da2-49c1-bc7c-1d07a3587c40,note,dce60163-f50c-4292-87b1-12f6db962af8
b53aac84-926f-4f93-aa8f-fc6d7db00a2c,note,6472a8fa-8cfd-4231-8917-c0982052edcf
b53aac84-926f-4f93-aa8f-fc6d7db00a2c,note,2a36eb62-21e6-4984-83b2-e80ec28b2bd7
95ae5521-be6c-4755-ab66-7299487c83a9,note,29260fb3-f12b-47d4-a910-f85d60073f33
c67f5cbd-0a60-4497-97aa-b0cebe464b72,note,595fb03e-d453-41b5-9ec9-b8aa71970afa
0dbd97d3-46d4-4901-bc2d-cd8dfa1bdc57,note,4bb751fd-adf6-4d77-aa45-71b227377e9a
85ecd82f-291a-4d5b-a7f1-924f5124eeaf,note,ec95b878-e621-4e1c-8983-bda8d4a4da10
6dccc70b-3684-420e-84f7-e547028451c3,note,174d57e7-75f9-4a04-a845-d45554fe6f10
c67f5cbd-0a60-4497-97aa-b0cebe464b72,note,4e532438-f837-480d-86e9-341385919fc4
bf9a2eb8-5084-4b3f-8ed2-b4640328216d,note,81d10c3c-fad9-42fd-8701-beacbb2b453e
95ae5521-be6c-4755-ab66-7299487c83a9,note,0717366b-8411-41fd-984d-db97f276b1d9
a65e5315-4bc7-4355-8e3e-eb485fccaeed,note,38e90c0b-9370-400b-ba57-85e97d096d5b
f25edb08-42c9-4c6d-b48e-c1a77a9497ba,note,2ef8f1b3-b499-48d3-a00c-a7dda249b032
85ecd82f-291a-4d5b-a7f1-924f5124eeaf,note,39bd93ec-70c8-409b-9d5d-f648b9b2e2b6
c67f5cbd-0a60-4497-97aa-b0cebe464b72,note,a462f247-64c7-4ebe-8fdf-e46afb5754f1
95ac3187-a8bb-4204-9630-dbd7f37e1837,note,963d0318-feba-4e8a-bed2-54f5479e9896
ff524047-1983-4890-ad86-0198cc793ae4,note,1c100bd0-911d-4c93-a264-93f2fdb3cc7e
0dbd97d3-46d4-4901-bc2d-cd8dfa1bdc57,note,dbe7a7d0-4893-440c-a341-6d43fa91d103
733f8566-173d-41a1-adf4-e9ed4aa63dbf,note,b238279c-7f36-463b-aca3-a97eb54a7497
b670cd11-c841-4bff-9e85-aa0ef46a7605,note,bd88a5fe-2103-45ab-b511-fca0a4731033
2d4949ca-9b60-4818-a4b1-f5147e242eef,note,c03d0972-63d0-455c-a504-efc06457c002
7cb22c77-949b-423d-a2f2-41fd86318b1e,note,5f99fcbd-e04b-4b24-9eb5-f1de34c931ca
fa856607-7cf8-40dd-b10a-17dcce451d3f,note,bd7d1330-eb90-4240-9ab7-0a37bdfd4dbd
a65e5315-4bc7-4355-8e3e-eb485fccaeed,note,1dd2f5dc-44e1-4ddd-9796-f944d94b4416
b53aac84-926f-4f93-aa8f-fc6d7db00a2c,note,8a89d5ee-9538-4f34-8836-98ae8b87ba84
cfbe6945-9a44-4522-b5ea-507056bf5566,note,e81dbaa4-96f7-4d3b-adb1-7891bfc2e06a
b9c4e9cb-3895-406a-95ed-c70e0c2e4c2b,note,c068187c-a185-443c-b6b8-acdac4e016c5
7cb22c77-949b-423d-a2f2-41fd86318b1e,note,f85bc180-fe80-425a-849b-e798c33488fc
fa856607-7cf8-40dd-b10a-17dcce451d3f,note,d5754c7f-4843-48d5-8f15-639c2522b29f
c67f5cbd-0a60-4497-97aa-b0cebe464b72,note,dec8398d-6319-43c4-93a1-ad4c4369d077
584119b9-3223-41e3-b558-c00afe1bca10,note,dec8398d-6319-43c4-93a1-ad4c4369d077
6ae4be5e-f878-4bfb-b2fb-8ef607c16d1d,note,30439b89-3ff7-425c-9191-17923d43b33a
584119b9-3223-41e3-b558-c00afe1bca10,note,4843a049-7376-4bd5-857b-4862b9d911f6
0dbd97d3-46d4-4901-bc2d-cd8dfa1bdc57,note,aea82867-37c8-44cf-95f7-8879d06cd5c3
0dbd97d3-46d4-4901-bc2d-cd8dfa1bdc57,note,d9f1b415-c83f-4b2b-bd5a-40d4fef75993
b53aac84-926f-4f93-aa8f-fc6d7db00a2c,note,7b3d9f25-6661-4edb-9401-1b44582a68bb
cd69350b-f925-447a-b70f-3a9526380c2d,note,cae65575-bcb9-431f-90ab-5f7dfd4cb794
ba62b499-1da2-49c1-bc7c-1d07a3587c40,note,a34ecfc4-1af5-46c7-accd-0dba7c16237d
70dad181-e40f-4fc5-a079-b36f0f029efd,note,9126e37e-ca19-464e-bc50-f10f38009283
6dccc70b-3684-420e-84f7-e547028451c3,note,30439b89-3ff7-425c-9191-17923d43b33a
6f702d53-c35f-4364-b915-3752785fcd1c,note,8262de96-5063-4243-bb10-add55b2c45b6
3dc5b9af-dd7a-4208-b208-5aea11863340,note,174d57e7-75f9-4a04-a845-d45554fe6f10
d43ea38f-d65b-4618-90c8-157aeff39960,note,e4f8684f-9f86-4743-a16b-60ac606f0674
0dbd97d3-46d4-4901-bc2d-cd8dfa1bdc57,note,ad57fe92-e07f-4d28-bf4e-54bca10fef60
85ecd82f-291a-4d5b-a7f1-924f5124eeaf,note,a86bd266-252f-41de-bcd2-ba4a952edff4
3c6e6f63-2fef-4d9f-85ee-56186fc27c40,note,5e07155a-c94b-48f0-ba2a-28a4532fd889
97cd7e04-52ca-4a26-a182-e67709d354f7,note,bda4c9c2-fcb5-4e72-862f-9e9113c1222c
b53aac84-926f-4f93-aa8f-fc6d7db00a2c,note,dbe7a7d0-4893-440c-a341-6d43fa91d103
c67f5cbd-0a60-4497-97aa-b0cebe464b72,note,05cbd8c2-b0ae-4264-bfac-540288ff7be5
a8c0b445-296d-4c16-be8e-961b9d8b2f14,note,fe8768fd-faab-4a62-a2b0-d8369fc3d6d9
95ae5521-be6c-4755-ab66-7299487c83a9,note,30439b89-3ff7-425c-9191-17923d43b33a
8797e3d8-d0a7-4026-8ce6-53438121f059,note,4e532438-f837-480d-86e9-341385919fc4
b4536fea-4bb5-434c-97c1-5c78b16d8efd,note,963d0318-feba-4e8a-bed2-54f5479e9896
fa856607-7cf8-40dd-b10a-17dcce451d3f,note,49d5a8a4-1f34-41be-b466-b788d880b821
478e9759-a946-453c-b311-8178f95c06c3,note,38e90c0b-9370-400b-ba57-85e97d096d5b
8ce3304f-0125-462a-b25d-357949bd94e7,note,e8e0814d-e4b7-4dec-8c7b-6ff951090d32
90bb4d5e-918e-4771-99ad-3c92b7248474,note,444e288b-4eeb-460e-aabf-ff7a53708773
b53aac84-926f-4f93-aa8f-fc6d7db00a2c,note,f2e0223f-18d8-4287-b4a0-43606e561589
ee6509f5-5df6-4c62-a19b-10b4efa1d2c8,note,05cbd8c2-b0ae-4264-bfac-540288ff7be5
cfbe6945-9a44-4522-b5ea-507056bf5566,note,414914ba-9fbd-4a48-b80b-7dce502f0874
fa856607-7cf8-40dd-b10a-17dcce451d3f,note,b7ce1c8d-9b6f-4896-b4a5-cf08f2e2b908
0dbd97d3-46d4-4901-bc2d-cd8dfa1bdc57,note,c5ef9844-a08a-4eed-828a-667a84d36fe9
7cb22c77-949b-423d-a2f2-41fd86318b1e,note,7bc075d4-f052-431d-81ba-f044bc1831c1
b4536fea-4bb5-434c-97c1-5c78b16d8efd,note,7f552f32-f24e-4f8d-9ee8-c5f072073110
c67f5cbd-0a60-4497-97aa-b0cebe464b72,note,7b5778dd-88cc-4168-b57a-8c594729c344
c5eb68a6-bd71-4717-ad2c-f32b35cbe206,note,4843a049-7376-4bd5-857b-4862b9d911f6
68c27a8e-be60-4052-a2bc-7e9ec6e70cae,note,b066f9fc-2728-4a9f-a5cb-3402c2021d21
b53aac84-926f-4f93-aa8f-fc6d7db00a2c,note,afb55f12-ea1a-46dd-a6a1-f90243550794
94b79f72-b60b-47b4-833a-492875ffe937,note,cae65575-bcb9-431f-90ab-5f7dfd4cb794
fa856607-7cf8-40dd-b10a-17dcce451d3f,note,e0b45dcc-6b5c-4fba-904c-3298f0eeda6c
54703bb6-e2a1-4f14-a6b8-f33d0e934b08,note,81d10c3c-fad9-42fd-8701-beacbb2b453e
3e81d1b3-29b7-493f-a569-7cc31fc497d0,note,29c1e2a4-f9df-46d0-b91f-36dc2a61c936
0dbd97d3-46d4-4901-bc2d-cd8dfa1bdc57,note,9f1933bb-6d2e-46f2-ba2b-04877cab4e0e
158e7241-ea47-4ab6-abef-79495bcacb4d,note,595fb03e-d453-41b5-9ec9-b8aa71970afa
95ac3187-a8bb-4204-9630-dbd7f37e1837,note,13cb12cd-2ed5-4f43-ac41-474b858c2de6
54703bb6-e2a1-4f14-a6b8-f33d0e934b08,note,d0ad1617-8c5c-4521-9a97-a505a8ceef84
c67f5cbd-0a60-4497-97aa-b0cebe464b72,note,e81dbaa4-96f7-4d3b-adb1-7891bfc2e06a
8797e3d8-d0a7-4026-8ce6-53438121f059,note,8b761cd5-2a71-44d0-a983-58e6d0491404
85ecd82f-291a-4d5b-a7f1-924f5124eeaf,note,59ef6d47-5b15-4141-95bb-09bc2f3dfad8
57913c31-c690-4d11-affc-3712e4cc09e1,note,c2e4be6d-a65c-489f-a9be-28fa2ed9b25b
85ecd82f-291a-4d5b-a7f1-924f5124eeaf,note,153faaad-1da0-4839-9961-718b00f2c63c
d666f3ea-e408-4b86-a4b6-f596c84eb349,note,a25f5c81-4516-482a-b983-9c80672c62d5
bb764107-5e93-4ee1-9411-23b796da7fca,note,444e288b-4eeb-460e-aabf-ff7a53708773
be908c98-736e-4696-bf5b-86d76cb7240a,note,9f1933bb-6d2e-46f2-ba2b-04877cab4e0e
c67f5cbd-0a60-4497-97aa-b0cebe464b72,note,d9f1b415-c83f-4b2b-bd5a-40d4fef75993
fa856607-7cf8-40dd-b10a-17dcce451d3f,note,d66e0ba6-b215-4b29-a961-2cdc20a34efe
95ae5521-be6c-4755-ab66-7299487c83a9,note,2a36eb62-21e6-4984-83b2-e80ec28b2bd7
95ae5521-be6c-4755-ab66-7299487c83a9,note,7f552f32-f24e-4f8d-9ee8-c5f072073110
0ab37136-9ce6-4638-826d-ec9a2632d43c,note,2bee2771-4683-498c-98de-47a28867d396
f3fd73b1-ceb4-41c4-87c7-3bc244f4c9e8,note,32983a03-47d8-4a16-a0f6-8f13560a10b6
b9a80778-7c84-4e6a-a3b7-f1e08ee38502,note,fab9dc98-97a9-489e-9f7e-1d568f5ff7ac
c67f5cbd-0a60-4497-97aa-b0cebe464b72,note,7bc075d4-f052-431d-81ba-f044bc1831c1
6ae4be5e-f878-4bfb-b2fb-8ef607c16d1d,note,a1b72a70-618e-4160-82d2-804d4ec225cd
2d4949ca-9b60-4818-a4b1-f5147e242eef,note,c055b3a7-f33a-4d89-ad2d-a13e55099682
85ecd82f-291a-4d5b-a7f1-924f5124eeaf,note,dec8398d-6319-43c4-93a1-ad4c4369d077
fa856607-7cf8-40dd-b10a-17dcce451d3f,note,fd12a5d5-6756-457f-ac4c-a5ebaf3ea4b2
c67f5cbd-0a60-4497-97aa-b0cebe464b72,note,c5a53111-1599-49e7-86db-6f6b55eed907
793e1642-ee69-42cd-af57-d5096a65e439,note,cb70636e-ec71-4d04-8727-4d9674283c73
c67f5cbd-0a60-4497-97aa-b0cebe464b72,note,29c1e2a4-f9df-46d0-b91f-36dc2a61c936
70933076-3fa3-4f82-9b8c-a6437dd8d796,note,52ef2a86-921f-4c31-a814-7387ebe2e7f0
95ae5521-be6c-4755-ab66-7299487c83a9,note,239c3704-dbb3-49c0-9af8-cbb8fd1c8e18
194a2760-5d19-4850-89c5-cdb4ebb459db,note,d83658cc-3d48-43dd-a02c-5b45a82fd655
95ae5521-be6c-4755-ab66-7299487c83a9,note,6dc3e16b-0341-48e1-b62b-a3f3750bd4bc
d43ea38f-d65b-4618-90c8-157aeff39960,note,3dff6681-1cc7-4e44-9f9c-60233e4092e5
fa856607-7cf8-40dd-b10a-17dcce451d3f,note,a245d465-5036-4fc9-8a0f-88a684f35e46
54703bb6-e2a1-4f14-a6b8-f33d0e934b08,note,e0f7e727-4069-49ce-b1bd-ff089da0d8d3
8a39b924-8b02-448b-9b3c-7d81a2581741,note,fe8768fd-faab-4a62-a2b0-d8369fc3d6d9
85ecd82f-291a-4d5b-a7f1-924f5124eeaf,note,92aa3d56-60d6-4ecf-ab04-9e84b441ae1e
158e7241-ea47-4ab6-abef-79495bcacb4d,note,8b761cd5-2a71-44d0-a983-58e6d0491404
584119b9-3223-41e3-b558-c00afe1bca10,note,0170b3b6-9c12-4b41-a0dd-1f980e1eb1c0
2d4949ca-9b60-4818-a4b1-f5147e242eef,note,89220811-2e2b-45cb-856d-5e406e76a312
c67f5cbd-0a60-4497-97aa-b0cebe464b72,note,c08bfb7e-2ddb-411e-b755-6dcf12b304d9
83aef5e8-8585-47b9-a02d-96fbd719b0e2,note,5e07155a-c94b-48f0-ba2a-28a4532fd889
ae2e51d3-7104-442e-a216-9bc56571151e,note,ed521555-1c72-4e2f-9ce1-02dd9918d0be
ba62b499-1da2-49c1-bc7c-1d07a3587c40,note,a974fe51-e983-4ba5-9d85-99676bbb1d01
61ee8cdc-779c-46d7-bdc5-c791c3531bfa,note,be888635-6cf2-41ff-9eed-6015ed67b517
94b79f72-b60b-47b4-833a-492875ffe937,note,6084d03b-0ebf-44e8-9d8b-922ea4f335ba
85ecd82f-291a-4d5b-a7f1-924f5124eeaf,note,433b41d1-3723-4279-b56b-a587178e803c
fa856607-7cf8-40dd-b10a-17dcce451d3f,note,b117ec8f-fc5a-45a7-86ec-c36bbebfb6d4
b53aac84-926f-4f93-aa8f-fc6d7db00a2c,note,2bee2771-4683-498c-98de-47a28867d396
584119b9-3223-41e3-b558-c00afe1bca10,note,d3957605-a9ce-4629-9114-a7384056cd8a
34023e37-103a-404a-8699-7d9c93946e48,note,81bc1587-4f4b-42e2-8354-1d45d2f2a0c5
fa856607-7cf8-40dd-b10a-17dcce451d3f,note,0dc653fc-12cb-4cb7-b679-0b61bc31cff8
2d4949ca-9b60-4818-a4b1-f5147e242eef,note,32983a03-47d8-4a16-a0f6-8f13560a10b6
0dbd97d3-46d4-4901-bc2d-cd8dfa1bdc57,note,ef2f58a6-2cf4-45bb-87a6-a40309f3d0aa
62bb79f8-6d7e-4915-bda1-184cf485f9b3,note,9f1933bb-6d2e-46f2-ba2b-04877cab4e0e
584119b9-3223-41e3-b558-c00afe1bca10,note,cd3acbc1-e030-4fd5-a5b5-8c5c8a00ac98
c67f5cbd-0a60-4497-97aa-b0cebe464b72,note,be888635-6cf2-41ff-9eed-6015ed67b517
70933076-3fa3-4f82-9b8c-a6437dd8d796,note,f2e0223f-18d8-4287-b4a0-43606e561589
0dbd97d3-46d4-4901-bc2d-cd8dfa1bdc57,note,4b229db5-3ddb-418f-8d1d-1a3459a7cba7
0ab37136-9ce6-4638-826d-ec9a2632d43c,note,09be3131-013c-4d08-91f6-eda85a542049
43fa4e60-7418-4ac1-a8c8-298c6b7628e7,note,c2e4be6d-a65c-489f-a9be-28fa2ed9b25b
0b2640b2-e056-441d-a6e3-b85227ee6e6c,note,f33fa8c7-e62a-4cbf-9302-9451ef63bc3d
c67f5cbd-0a60-4497-97aa-b0cebe464b72,note,c6565851-9e46-4ce2-ae30-fa3ad028fc67
fa856607-7cf8-40dd-b10a-17dcce451d3f,note,c8fb6641-b3e4-4c6a-9a98-b042b7a7f6a4
a0fc3108-b155-4001-852b-6e4fe24159b2,note,173fa812-b971-4052-8a6d-c552d9cd7dc8
a253d241-ec94-47be-8b16-6f2ee6de8c94,note,74c83f70-462b-4a35-8500-e19b5d0069b6
753328f7-99f8-4048-9170-fdc065b31a4f,note,a800792f-238d-48df-ba58-f2b75bc117a5
7cb22c77-949b-423d-a2f2-41fd86318b1e,note,cae65575-bcb9-431f-90ab-5f7dfd4cb794
ff524047-1983-4890-ad86-0198cc793ae4,note,40e754ef-0654-4828-8313-a4e596545d9f
df486d8d-f51a-439f-8b46-cc74fc888c58,note,f4a905c6-ff10-40dd-a298-f5c022317915
1bf9537d-4a4c-43a6-b448-c32320a8fce8,note,f585f95b-f4ef-41cb-aea1-1db0bc3c3fb1
40183b05-66a6-4658-be4a-45e66fd98243,note,13cb12cd-2ed5-4f43-ac41-474b858c2de6
85ecd82f-291a-4d5b-a7f1-924f5124eeaf,note,7c4cacf1-95b3-47ac-a606-bc93ea384ed5
cfbe6945-9a44-4522-b5ea-507056bf5566,note,aea82867-37c8-44cf-95f7-8879d06cd5c3
b670cd11-c841-4bff-9e85-aa0ef46a7605,note,ffe71239-cd9c-44b0-8cc8-9f6e4e914ce5
d282d27f-9a0f-4cc6-ab78-b997f4f201be,note,cdf1ce6f-edba-4939-8c9b-b73e1d9dcd9b
95ac3187-a8bb-4204-9630-dbd7f37e1837,note,30dea839-27ff-4949-8ab1-e33216c97552
fa856607-7cf8-40dd-b10a-17dcce451d3f,note,9a885461-9437-4cb7-b080-3a4643a8f0ff
008e0abb-18e2-44f0-8868-13b9974ba837,note,493f3aa8-0b39-4b40-a3ad-bfd852a1d63f
b53aac84-926f-4f93-aa8f-fc6d7db00a2c,note,29260fb3-f12b-47d4-a910-f85d60073f33
6dccc70b-3684-420e-84f7-e547028451c3,note,fd05f91b-6c6b-4143-8ede-293dbc94b840
fa856607-7cf8-40dd-b10a-17dcce451d3f,note,fcf3bc2d-9472-49e4-989c-4a4180631dca
6dccc70b-3684-420e-84f7-e547028451c3,note,972c0655-008c-4bfb-8965-e3980bf1c706
95ae5521-be6c-4755-ab66-7299487c83a9,note,fe8768fd-faab-4a62-a2b0-d8369fc3d6d9
a603c58a-6057-43e4-85ad-b693f0f15eb5,note,fe182c00-cc82-4d24-a429-835ea586a78e
b53aac84-926f-4f93-aa8f-fc6d7db00a2c,note,140c64ce-3599-46ea-87af-dfd611ca2120
85ecd82f-291a-4d5b-a7f1-924f5124eeaf,note,88532d6e-f518-421d-8cab-328ddf6d4072
9873bf59-4469-43b7-a754-ea7ed57fce85,note,a86bd266-252f-41de-bcd2-ba4a952edff4
b53aac84-926f-4f93-aa8f-fc6d7db00a2c,note,29ef925a-884f-4a09-9ff6-272c8dccc1e7
ee6509f5-5df6-4c62-a19b-10b4efa1d2c8,note,29ef925a-884f-4a09-9ff6-272c8dccc1e7
ed41c605-06de-4542-9eaa-eb8dbf04c8cd,note,f5abe9c1-0e40-4537-aefd-321c8ed832c4
b53aac84-926f-4f93-aa8f-fc6d7db00a2c,note,13cb12cd-2ed5-4f43-ac41-474b858c2de6
6ae4be5e-f878-4bfb-b2fb-8ef607c16d1d,note,79e31dd2-5164-4477-9b1c-54ead45bd94e
85ecd82f-291a-4d5b-a7f1-924f5124eeaf,note,0e8f0381-60b2-4a96-a89f-678dbd6bbde7
fa856607-7cf8-40dd-b10a-17dcce451d3f,note,f0fd9302-632a-4948-8cfd-e04e6c19c34c
7f4fdbce-2bc4-4ab5-8384-0c692a7e7166,note,74c83f70-462b-4a35-8500-e19b5d0069b6
b53aac84-926f-4f93-aa8f-fc6d7db00a2c,note,762877dc-9f54-4ccf-a225-1b3893ab2f40
94d5572a-8407-43e7-8595-960856759d09,note,4ba3226b-f6b9-4da5-bdde-6c726d232624
3e81d1b3-29b7-493f-a569-7cc31fc497d0,note,d1a28946-7909-4ffb-bd8c-e22d5e364dfe
5a3cab35-fb77-4ab0-b457-75b4364a5d7b,note,8c167848-b5e9-4668-bd91-70b621e5cc29
85ecd82f-291a-4d5b-a7f1-924f5124eeaf,note,9bb114e2-1cf8-442c-9991-903820db1c74
6dccc70b-3684-420e-84f7-e547028451c3,note,7bc075d4-f052-431d-81ba-f044bc1831c1
85ecd82f-291a-4d5b-a7f1-924f5124eeaf,note,8d98c47a-ce4b-4727-89bc-a2f7d2bbbc98
b53aac84-926f-4f93-aa8f-fc6d7db00a2c,note,8d5b7941-ec8f-4ff3-a6ea-adfb1cde222a
591862f3-97be-4dd5-bc66-b0a5648a0fcc,note,82866545-3121-4bd2-8869-040d3a0d9cad
85ecd82f-291a-4d5b-a7f1-924f5124eeaf,note,840bba4a-2903-4377-9741-210de7ba5594
95ae5521-be6c-4755-ab66-7299487c83a9,note,dbe7a7d0-4893-440c-a341-6d43fa91d103
94b79f72-b60b-47b4-833a-492875ffe937,note,89220811-2e2b-45cb-856d-5e406e76a312
6dccc70b-3684-420e-84f7-e547028451c3,note,7c4cacf1-95b3-47ac-a606-bc93ea384ed5
b53aac84-926f-4f93-aa8f-fc6d7db00a2c,note,f2ca94c9-31ba-47c9-ab63-fa2aa1300c6e
0dbd97d3-46d4-4901-bc2d-cd8dfa1bdc57,note,29c1e2a4-f9df-46d0-b91f-36dc2a61c936
95ae5521-be6c-4755-ab66-7299487c83a9,note,8cc03914-4bbb-49d9-903c-61a012fa635a
85ecd82f-291a-4d5b-a7f1-924f5124eeaf,note,346467d4-4595-4263-afb2-9d30a8c0b4ac
fa856607-7cf8-40dd-b10a-17dcce451d3f,note,ce969384-b435-47b1-b30c-9e44a16fc612
c67f5cbd-0a60-4497-97aa-b0cebe464b72,note,a34ecfc4-1af5-46c7-accd-0dba7c16237d
753328f7-99f8-4048-9170-fdc065b31a4f,note,f3ac350f-7ae8-4b92-a7fb-ac548af355c8
b7bd257d-c672-4c83-9fd7-2a0740a7331e,note,197d8a7f-0af2-4453-87f2-dc7c62f1bddf
fcfb75c5-6638-4557-ba8d-2c119f783f57,note,eff68b83-8d9c-4046-a1bc-5d765001021f
0b2640b2-e056-441d-a6e3-b85227ee6e6c,note,fc29d67d-240b-4807-8ee1-12611e5db130
da0faa02-2ad8-43da-bcf6-36ff2679d020,note,c8920da1-14ca-458d-80ed-9281cd0a9372
fa856607-7cf8-40dd-b10a-17dcce451d3f,note,431bdb99-ced4-4e08-8710-09d1466d9d05
b4536fea-4bb5-434c-97c1-5c78b16d8efd,note,1f213061-cadb-465a-8445-0a9de9979f6f
c67f5cbd-0a60-4497-97aa-b0cebe464b72,note,88532d6e-f518-421d-8cab-328ddf6d4072
b670cd11-c841-4bff-9e85-aa0ef46a7605,note,2bee2771-4683-498c-98de-47a28867d396
b53aac84-926f-4f93-aa8f-fc6d7db00a2c,note,cb70636e-ec71-4d04-8727-4d9674283c73
95ae5521-be6c-4755-ab66-7299487c83a9,note,3afd9ba9-d7d3-44f1-929d-cbd549256662
b4536fea-4bb5-434c-97c1-5c78b16d8efd,note,f33fa8c7-e62a-4cbf-9302-9451ef63bc3d
95ae5521-be6c-4755-ab66-7299487c83a9,note,9d220e94-86d8-4842-b467-3ffc2f320ba2
7d789d45-763e-472e-b1ca-0cadab850ce7,note,ba818216-e38e-4a67-b561-f8a3bdb8a736
95ac3187-a8bb-4204-9630-dbd7f37e1837,note,c25f2004-cb65-4f3a-a5d2-29923f85c1f8
df486d8d-f51a-439f-8b46-cc74fc888c58,note,5eb80876-7512-4f90-bf39-b59cb9d5ac8a
c5eb68a6-bd71-4717-ad2c-f32b35cbe206,note,f42b72fd-fa60-4179-baa1-3417ed5350b6
fa856607-7cf8-40dd-b10a-17dcce451d3f,note,8edf65f4-417a-47f8-bf24-6c11cfa5a145
fa856607-7cf8-40dd-b10a-17dcce451d3f,note,8309b98c-387b-4841-8369-a2a62e8c15da
b4536fea-4bb5-434c-97c1-5c78b16d8efd,note,8cc03914-4bbb-49d9-903c-61a012fa635a
ce197546-3042-4a52-b41d-7bf253a5497c,note,37115ca5-03a8-443a-b9c3-c7eeeb3a3edc
fa856607-7cf8-40dd-b10a-17dcce451d3f,note,e818b63c-e745-4376-8413-cd29a9eff6bb
ba62b499-1da2-49c1-bc7c-1d07a3587c40,note,2625fa6c-245c-4349-88b8-2c2dbaae0e7b
b53aac84-926f-4f93-aa8f-fc6d7db00a2c,note,ccfa3405-fe84-407f-9426-42cb4f434c5b
b53aac84-926f-4f93-aa8f-fc6d7db00a2c,note,09be3131-013c-4d08-91f6-eda85a542049
183fdffb-d429-4568-bdee-30efac1c5d86,note,eff68b83-8d9c-4046-a1bc-5d765001021f
a253d241-ec94-47be-8b16-6f2ee6de8c94,note,bba29a57-cc2f-46d8-a77a-36e2e2faf2bf
7cb22c77-949b-423d-a2f2-41fd86318b1e,note,a2e90b2d-e3f1-4bd9-b429-660bdce2246b
753328f7-99f8-4048-9170-fdc065b31a4f,note,bcb214d2-607a-46b3-ad89-d694683540f7
85ecd82f-291a-4d5b-a7f1-924f5124eeaf,note,762877dc-9f54-4ccf-a225-1b3893ab2f40
b53aac84-926f-4f93-aa8f-fc6d7db00a2c,note,8d98c47a-ce4b-4727-89bc-a2f7d2bbbc98
c67f5cbd-0a60-4497-97aa-b0cebe464b72,note,39bd93ec-70c8-409b-9d5d-f648b9b2e2b6
183fdffb-d429-4568-bdee-30efac1c5d86,note,1f213061-cadb-465a-8445-0a9de9979f6f
95ac3187-a8bb-4204-9630-dbd7f37e1837,note,93bcd0ad-2a54-4741-a1d6-1482116fe96a
fa856607-7cf8-40dd-b10a-17dcce451d3f,note,29d924cc-25d0-47de-87ae-d37461eca7ed
a0842a9a-1e36-43a9-9e4f-86a48b451712,note,c8920da1-14ca-458d-80ed-9281cd0a9372
b53aac84-926f-4f93-aa8f-fc6d7db00a2c,note,a2e90b2d-e3f1-4bd9-b429-660bdce2246b
08174d20-1c9f-49f2-80dc-17ccc9f755c1,note,444e288b-4eeb-460e-aabf-ff7a53708773
c67f5cbd-0a60-4497-97aa-b0cebe464b72,note,2625fa6c-245c-4349-88b8-2c2dbaae0e7b
0f93c0f2-7f36-4bdb-8e50-76239a37c020,note,5a8c88a2-a035-4966-aaa3-ccd8985f8d19
8ce3304f-0125-462a-b25d-357949bd94e7,note,e4f8684f-9f86-4743-a16b-60ac606f0674
b53aac84-926f-4f93-aa8f-fc6d7db00a2c,note,59ef6d47-5b15-4141-95bb-09bc2f3dfad8
34023e37-103a-404a-8699-7d9c93946e48,note,d5e41376-7c14-4d33-a707-c356ce4cc11c
a65e5315-4bc7-4355-8e3e-eb485fccaeed,note,8fd3a5e9-3476-42d4-aa00-b740cca2f6c9
8797e3d8-d0a7-4026-8ce6-53438121f059,note,4a940dab-10b6-4765-86c2-7cbc509d8685
fa856607-7cf8-40dd-b10a-17dcce451d3f,note,6baa55e2-ecba-4d01-9777-a0543ba0ca94
b53aac84-926f-4f93-aa8f-fc6d7db00a2c,note,fa3b3533-d3b9-4010-aebd-74cf48d04a48
b53aac84-926f-4f93-aa8f-fc6d7db00a2c,note,4ba3226b-f6b9-4da5-bdde-6c726d232624
fa856607-7cf8-40dd-b10a-17dcce451d3f,note,84388c3e-5f96-41b1-a1fe-d85eb1b4fb2e
7d789d45-763e-472e-b1ca-0cadab850ce7,note,8fd3a5e9-3476-42d4-aa00-b740cca2f6c9
b53aac84-926f-4f93-aa8f-fc6d7db00a2c,note,bd88a5fe-2103-45ab-b511-fca0a4731033
34023e37-103a-404a-8699-7d9c93946e48,note,b066f9fc-2728-4a9f-a5cb-3402c2021d21
62bb79f8-6d7e-4915-bda1-184cf485f9b3,note,ad57fe92-e07f-4d28-bf4e-54bca10fef60
65e07a96-fe82-42f4-b76a-08b866dbe055,note,81bc1587-4f4b-42e2-8354-1d45d2f2a0c5
0a379ebc-56a9-4c6a-86a7-d7d8fdb924a1,note,ecf4d481-0df2-47f9-9498-13354b1263d0
4b23d11e-f307-481d-9713-bf39298c45cd,note,7f093e4d-1a87-4dff-aee5-047aca6b0e1b
715b2e07-fb7b-4637-96d1-988019b59520,note,7f093e4d-1a87-4dff-aee5-047aca6b0e1b
ba62b499-1da2-49c1-bc7c-1d07a3587c40,note,f3ac350f-7ae8-4b92-a7fb-ac548af355c8
7d789d45-763e-472e-b1ca-0cadab850ce7,note,a5211969-4e9b-456e-92f2-172ac6789ab3
0dbd97d3-46d4-4901-bc2d-cd8dfa1bdc57,note,cb257a2a-a9a4-4824-a0ab-b02fbcd1ae67
95ae5521-be6c-4755-ab66-7299487c83a9,note,6de1902c-d89a-41c3-81ed-55fbce48f0cd
08ad4461-9247-455e-901b-d2be5f65cb0f,note,d2822c79-4b33-44bf-8c54-a8a17aab59ce
62bb79f8-6d7e-4915-bda1-184cf485f9b3,note,7c4cacf1-95b3-47ac-a606-bc93ea384ed5
66d73f55-ed9b-4b37-9ff0-f231110447a6,note,76f5c2e8-dee1-465b-9e10-83888ff75bda
b53aac84-926f-4f93-aa8f-fc6d7db00a2c,note,39bd93ec-70c8-409b-9d5d-f648b9b2e2b6
c67f5cbd-0a60-4497-97aa-b0cebe464b72,note,4b364e63-fb48-45fa-b599-aa26e6629ff8
008e0abb-18e2-44f0-8868-13b9974ba837,note,5eb80876-7512-4f90-bf39-b59cb9d5ac8a
95ac3187-a8bb-4204-9630-dbd7f37e1837,note,dd9f9e76-c066-4371-b9af-3049683e51f5
b1c6fb1c-958e-476f-89c1-822282c6ff7c,note,e227f638-02b6-4745-8f32-38c4a1976513
b53aac84-926f-4f93-aa8f-fc6d7db00a2c,note,ba818216-e38e-4a67-b561-f8a3bdb8a736
fa856607-7cf8-40dd-b10a-17dcce451d3f,note,7b01ce8e-ad2d-4a3e-987d-fc4d41fc478d
9b8b5d1b-dd30-4b70-a815-d88515ef00d2,note,bceb5853-05ae-40ed-bd46-a8c116dcaeb9
85ecd82f-291a-4d5b-a7f1-924f5124eeaf,note,40e754ef-0654-4828-8313-a4e596545d9f
85ecd82f-291a-4d5b-a7f1-924f5124eeaf,note,9eb1937f-e77a-4413-8173-9a72db99cc3e
cfbe6945-9a44-4522-b5ea-507056bf5566,note,e66335ce-122c-46ac-8778-d2f60e4e8b08
b1c476d7-0b5e-46fe-8770-2741f40c8430,note,e66335ce-122c-46ac-8778-d2f60e4e8b08
8e0d4287-39ee-4d56-8d5f-b5d4bbcfc6bc,note,e4c3b08f-ddd5-484f-a906-6891e4e4d7de
c67f5cbd-0a60-4497-97aa-b0cebe464b72,note,bcb214d2-607a-46b3-ad89-d694683540f7
2d4949ca-9b60-4818-a4b1-f5147e242eef,note,a5211969-4e9b-456e-92f2-172ac6789ab3
f25edb08-42c9-4c6d-b48e-c1a77a9497ba,note,bceb5853-05ae-40ed-bd46-a8c116dcaeb9
3dc5b9af-dd7a-4208-b208-5aea11863340,note,a0a21f75-f5f2-488f-a2b7-9bc8a7d92571
753328f7-99f8-4048-9170-fdc065b31a4f,note,b5a119db-51c3-4f31-a428-a03f025aeb87
95ac3187-a8bb-4204-9630-dbd7f37e1837,note,8d5b7941-ec8f-4ff3-a6ea-adfb1cde222a
c5eb68a6-bd71-4717-ad2c-f32b35cbe206,note,afb55f12-ea1a-46dd-a6a1-f90243550794
57913c31-c690-4d11-affc-3712e4cc09e1,note,448be0f5-cdd6-44cc-9581-1b4f217fbf18
6dccc70b-3684-420e-84f7-e547028451c3,note,05cbd8c2-b0ae-4264-bfac-540288ff7be5
0dbd97d3-46d4-4901-bc2d-cd8dfa1bdc57,note,140c64ce-3599-46ea-87af-dfd611ca2120
cfbe6945-9a44-4522-b5ea-507056bf5566,note,23d45700-2bf3-48ab-95cb-f74bf89a4413
a0842a9a-1e36-43a9-9e4f-86a48b451712,note,1e2c8906-d134-4ee2-a316-e3638f7abcfe
b53aac84-926f-4f93-aa8f-fc6d7db00a2c,note,ef2f58a6-2cf4-45bb-87a6-a40309f3d0aa
85ecd82f-291a-4d5b-a7f1-924f5124eeaf,note,b238279c-7f36-463b-aca3-a97eb54a7497
f3fd73b1-ceb4-41c4-87c7-3bc244f4c9e8,note,52ef2a86-921f-4c31-a814-7387ebe2e7f0
85ecd82f-291a-4d5b-a7f1-924f5124eeaf,note,c5a53111-1599-49e7-86db-6f6b55eed907
c67f5cbd-0a60-4497-97aa-b0cebe464b72,note,2a6434cb-a653-4e7e-915e-b3a72e714b02
b4536fea-4bb5-434c-97c1-5c78b16d8efd,note,6472a8fa-8cfd-4231-8917-c0982052edcf
95ae5521-be6c-4755-ab66-7299487c83a9,note,ccfa3405-fe84-407f-9426-42cb4f434c5b
34023e37-103a-404a-8699-7d9c93946e48,note,972c0655-008c-4bfb-8965-e3980bf1c706
b53aac84-926f-4f93-aa8f-fc6d7db00a2c,note,b4a1d6bf-43d1-44e6-aa5a-04a0a04ee7a7
b53aac84-926f-4f93-aa8f-fc6d7db00a2c,note,f585f95b-f4ef-41cb-aea1-1db0bc3c3fb1
cfbe6945-9a44-4522-b5ea-507056bf5566,note,0170b3b6-9c12-4b41-a0dd-1f980e1eb1c0
85ecd82f-291a-4d5b-a7f1-924f5124eeaf,note,4b83bfd9-bfc3-473d-bfce-752dd61224c0
85ecd82f-291a-4d5b-a7f1-924f5124eeaf,note,f22a1d39-d38c-4edd-8897-883de91cc6f5
753328f7-99f8-4048-9170-fdc065b31a4f,note,eb57fd63-d51d-453b-a4b0-3dfab91c146d
fa856607-7cf8-40dd-b10a-17dcce451d3f,note,08d615b8-333d-4566-87ae-e088256e575a
a65e5315-4bc7-4355-8e3e-eb485fccaeed,note,fd05f91b-6c6b-4143-8ede-293dbc94b840
c67f5cbd-0a60-4497-97aa-b0cebe464b72,note,8a89d5ee-9538-4f34-8836-98ae8b87ba84
fa856607-7cf8-40dd-b10a-17dcce451d3f,note,2dc98719-9d2c-4478-8bf1-04f1326e78b6
c67f5cbd-0a60-4497-97aa-b0cebe464b72,note,f42b72fd-fa60-4179-baa1-3417ed5350b6
c67f5cbd-0a60-4497-97aa-b0cebe464b72,note,e0f7e727-4069-49ce-b1bd-ff089da0d8d3
b1ab1294-c4cf-4ad7-9a04-f6ee70cf0f79,note,eb1bc813-33d0-467b-9cf6-eeaf46719f2e
9f4beca6-33f5-455a-85f7-9c67bff06856,note,5416625e-58b5-481e-bcd0-55826f43d881
95ac3187-a8bb-4204-9630-dbd7f37e1837,note,c08bfb7e-2ddb-411e-b755-6dcf12b304d9
591862f3-97be-4dd5-bc66-b0a5648a0fcc,note,5ba0cdb5-c3fd-46dc-97ef-5b3cf66de2ad
c67f5cbd-0a60-4497-97aa-b0cebe464b72,note,aea82867-37c8-44cf-95f7-8879d06cd5c3
6dccc70b-3684-420e-84f7-e547028451c3,note,4b83bfd9-bfc3-473d-bfce-752dd61224c0
3a983df1-5d53-4c7e-bb43-55ffa1295066,note,bf0002b0-f587-48c0-94eb-f3b414276eef
9873bf59-4469-43b7-a754-ea7ed57fce85,note,493f3aa8-0b39-4b40-a3ad-bfd852a1d63f
65369e7e-585e-4e7b-b581-64eca69b9be6,note,ec95b878-e621-4e1c-8983-bda8d4a4da10
85ecd82f-291a-4d5b-a7f1-924f5124eeaf,note,ccfa3405-fe84-407f-9426-42cb4f434c5b
a253d241-ec94-47be-8b16-6f2ee6de8c94,note,76583472-a27e-4974-91f8-9cf4c9f8b51b
85ecd82f-291a-4d5b-a7f1-924f5124eeaf,note,14230232-6246-4d13-9402-f77d794a6633
ff1464c0-fe11-4bce-863a-9fa7adab0ada,note,b238279c-7f36-463b-aca3-a97eb54a7497
fa856607-7cf8-40dd-b10a-17dcce451d3f,note,ae9b1935-23cf-4fae-9f28-862083a379ad
e9a5c688-bff2-4910-bc7f-e8bebded7d7a,note,661fe878-a506-4985-983a-5b4eb2785ce6
85ecd82f-291a-4d5b-a7f1-924f5124eeaf,note,c0874039-da61-4757-976f-39a2c84be946
7cb22c77-949b-423d-a2f2-41fd86318b1e,note,49b07688-be02-425d-bda4-9ce231697bbc
1bf9537d-4a4c-43a6-b448-c32320a8fce8,note,a01bb289-a934-4b38-8a3f-280b51fd482a
ed41c605-06de-4542-9eaa-eb8dbf04c8cd,note,4bb751fd-adf6-4d77-aa45-71b227377e9a
f89f9042-52a3-41c7-a5dc-b49ee9676bf1,note,ef2f58a6-2cf4-45bb-87a6-a40309f3d0aa
753328f7-99f8-4048-9170-fdc065b31a4f,note,fe182c00-cc82-4d24-a429-835ea586a78e
6dccc70b-3684-420e-84f7-e547028451c3,note,a18ed685-8790-4099-9553-1c10d5fee665
c67f5cbd-0a60-4497-97aa-b0cebe464b72,note,30439b89-3ff7-425c-9191-17923d43b33a
ff524047-1983-4890-ad86-0198cc793ae4,note,07b3bd7f-640f-4b80-9366-a5ee7d7c16bb
62bb79f8-6d7e-4915-bda1-184cf485f9b3,note,963d0318-feba-4e8a-bed2-54f5479e9896
b53aac84-926f-4f93-aa8f-fc6d7db00a2c,note,67c2f099-be23-490a-a013-fdf36edbb0e3
3b2b466f-5172-46a7-bc7b-e766a82d01d9,note,29c1e2a4-f9df-46d0-b91f-36dc2a61c936
b53aac84-926f-4f93-aa8f-fc6d7db00a2c,note,3dff6681-1cc7-4e44-9f9c-60233e4092e5
f25edb08-42c9-4c6d-b48e-c1a77a9497ba,note,67c2f099-be23-490a-a013-fdf36edbb0e3
0c4b94a5-98d5-4003-a02b-d0a483332768,note,c11faa2d-5120-489f-b024-f10f49a7388b
7d789d45-763e-472e-b1ca-0cadab850ce7,note,e57ebbec-2171-441e-bb9e-ae8fef120e06
b53aac84-926f-4f93-aa8f-fc6d7db00a2c,note,eb1bc813-33d0-467b-9cf6-eeaf46719f2e
62bb79f8-6d7e-4915-bda1-184cf485f9b3,note,6dfefec7-0594-4361-b981-19574cc548ee
c5eb68a6-bd71-4717-ad2c-f32b35cbe206,note,b101e29a-7457-4dd0-b633-8b3f80663d6f
eb4182fe-1081-4aff-9d51-d69ed2d33c58,note,bcb214d2-607a-46b3-ad89-d694683540f7
da0faa02-2ad8-43da-bcf6-36ff2679d020,note,9a577223-4b8f-4841-95df-6c7c4847b864
b7bd257d-c672-4c83-9fd7-2a0740a7331e,note,b5a119db-51c3-4f31-a428-a03f025aeb87
ef8c499d-a185-4c52-93c4-83729a3d5ddc,note,bae98950-297e-4205-a053-fd0e4b1d12ae
85ecd82f-291a-4d5b-a7f1-924f5124eeaf,note,09be3131-013c-4d08-91f6-eda85a542049
fa856607-7cf8-40dd-b10a-17dcce451d3f,note,a799fd5f-c0e0-45d7-8239-31562fa078a0
b53aac84-926f-4f93-aa8f-fc6d7db00a2c,note,f22a1d39-d38c-4edd-8897-883de91cc6f5
62bb79f8-6d7e-4915-bda1-184cf485f9b3,note,0597f052-b630-40c6-bd34-4f6942e47d6c
ed41c605-06de-4542-9eaa-eb8dbf04c8cd,note,b74f3459-7462-4772-ab3b-0ef855bcebff
c67f5cbd-0a60-4497-97aa-b0cebe464b72,note,93bcd0ad-2a54-4741-a1d6-1482116fe96a
fa856607-7cf8-40dd-b10a-17dcce451d3f,note,f5841518-4ccc-4ae0-8534-d53f7933414a
34023e37-103a-404a-8699-7d9c93946e48,note,197d8a7f-0af2-4453-87f2-dc7c62f1bddf
bc4d05b7-c6b7-495f-951b-6da50abe788b,note,444e288b-4eeb-460e-aabf-ff7a53708773
be908c98-736e-4696-bf5b-86d76cb7240a,note,80f5b868-56a6-4100-99eb-987940d75e4f
c67f5cbd-0a60-4497-97aa-b0cebe464b72,note,d0ad1617-8c5c-4521-9a97-a505a8ceef84
95ae5521-be6c-4755-ab66-7299487c83a9,note,2bee2771-4683-498c-98de-47a28867d396
fa856607-7cf8-40dd-b10a-17dcce451d3f,note,1bc7a314-85f5-4ac2-b401-3cd579dbea44
584119b9-3223-41e3-b558-c00afe1bca10,note,d0ad1617-8c5c-4521-9a97-a505a8ceef84
8797e3d8-d0a7-4026-8ce6-53438121f059,note,8cc03914-4bbb-49d9-903c-61a012fa635a
b53aac84-926f-4f93-aa8f-fc6d7db00a2c,note,bae98950-297e-4205-a053-fd0e4b1d12ae
c67f5cbd-0a60-4497-97aa-b0cebe464b72,note,2ba8da4e-d42b-4d05-a1f3-ec885fb5a883
c67f5cbd-0a60-4497-97aa-b0cebe464b72,note,153faaad-1da0-4839-9961-718b00f2c63c
22e0bc53-27c8-49a6-a155-7e1fd672c5a1,note,f892fd12-8cfc-44c3-a810-e19d0c839085
c67f5cbd-0a60-4497-97aa-b0cebe464b72,note,745a11ee-c347-4af6-be91-6f31ac6db122
1854201a-a5ce-4c01-9bb5-4aef2f9a98f9,note,88532d6e-f518-421d-8cab-328ddf6d4072
3e81d1b3-29b7-493f-a569-7cc31fc497d0,note,c1821819-f973-43f5-b55f-e9c5836276e7
b53aac84-926f-4f93-aa8f-fc6d7db00a2c,note,f5abe9c1-0e40-4537-aefd-321c8ed832c4
6ae4be5e-f878-4bfb-b2fb-8ef607c16d1d,note,e4f8684f-9f86-4743-a16b-60ac606f0674
fa856607-7cf8-40dd-b10a-17dcce451d3f,note,096ecace-ad5f-4bd1-9c2b-b8e3cd338e16
b53aac84-926f-4f93-aa8f-fc6d7db00a2c,note,93bcd0ad-2a54-4741-a1d6-1482116fe96a
b53aac84-926f-4f93-aa8f-fc6d7db00a2c,note,7f552f32-f24e-4f8d-9ee8-c5f072073110
fa856607-7cf8-40dd-b10a-17dcce451d3f,note,99a804d4-2ca1-4520-8fd4-e3f3054701d2
ff524047-1983-4890-ad86-0198cc793ae4,note,4a940dab-10b6-4765-86c2-7cbc509d8685
c67f5cbd-0a60-4497-97aa-b0cebe464b72,note,f3ac350f-7ae8-4b92-a7fb-ac548af355c8
85ecd82f-291a-4d5b-a7f1-924f5124eeaf,note,3dff6681-1cc7-4e44-9f9c-60233e4092e5
9873bf59-4469-43b7-a754-ea7ed57fce85,note,a18ed685-8790-4099-9553-1c10d5fee665
95ac3187-a8bb-4204-9630-dbd7f37e1837,note,afb55f12-ea1a-46dd-a6a1-f90243550794
ee6509f5-5df6-4c62-a19b-10b4efa1d2c8,note,762877dc-9f54-4ccf-a225-1b3893ab2f40
b53aac84-926f-4f93-aa8f-fc6d7db00a2c,note,fc29d67d-240b-4807-8ee1-12611e5db130
158e7241-ea47-4ab6-abef-79495bcacb4d,note,84da9da3-fbf0-4079-b65e-ca86b3e80efc
6ae4be5e-f878-4bfb-b2fb-8ef607c16d1d,note,83ff3d9e-bb28-4cbd-96ed-4338d3f71b20
6ae4be5e-f878-4bfb-b2fb-8ef607c16d1d,note,84da9da3-fbf0-4079-b65e-ca86b3e80efc
b53aac84-926f-4f93-aa8f-fc6d7db00a2c,note,f22e01c8-b76b-4a45-ac73-fc300615096c
95ae5521-be6c-4755-ab66-7299487c83a9,note,4b229db5-3ddb-418f-8d1d-1a3459a7cba7
b53aac84-926f-4f93-aa8f-fc6d7db00a2c,note,9028593c-f210-48d9-8f8c-0d6e53fe5834
b53aac84-926f-4f93-aa8f-fc6d7db00a2c,note,661fe878-a506-4985-983a-5b4eb2785ce6
f25edb08-42c9-4c6d-b48e-c1a77a9497ba,note,fe8768fd-faab-4a62-a2b0-d8369fc3d6d9
7d789d45-763e-472e-b1ca-0cadab850ce7,note,ccfa3405-fe84-407f-9426-42cb4f434c5b
ff2c8044-6f1d-4476-9f39-120c6d771220,note,d8baf721-2a5a-40b2-9794-50420042d013
6dccc70b-3684-420e-84f7-e547028451c3,note,9edbbf25-e60a-44d5-aa7c-4517f72c647b
462a7a08-72d8-4efa-b48a-79b935277a9c,note,0ef22b3c-a89e-49c6-880c-48992d5971eb
715b2e07-fb7b-4637-96d1-988019b59520,note,af350d1f-4dc1-4c98-8cb0-4cc06977eda4
95ae5521-be6c-4755-ab66-7299487c83a9,note,39bd93ec-70c8-409b-9d5d-f648b9b2e2b6
ff2c8044-6f1d-4476-9f39-120c6d771220,note,ccfa3405-fe84-407f-9426-42cb4f434c5b
cf703f3d-246a-4aa5-bdde-80f574d3856c,note,bd211184-203b-4431-95fb-15f995a12417
ee6509f5-5df6-4c62-a19b-10b4efa1d2c8,note,e4f8684f-9f86-4743-a16b-60ac606f0674
fa856607-7cf8-40dd-b10a-17dcce451d3f,note,86ef5ce3-9c4b-4b31-8454-6935efb88ba7
62bb79f8-6d7e-4915-bda1-184cf485f9b3,note,e227f638-02b6-4745-8f32-38c4a1976513
85ecd82f-291a-4d5b-a7f1-924f5124eeaf,note,0717366b-8411-41fd-984d-db97f276b1d9
f89f9042-52a3-41c7-a5dc-b49ee9676bf1,note,0597f052-b630-40c6-bd34-4f6942e47d6c
ba62b499-1da2-49c1-bc7c-1d07a3587c40,note,745a11ee-c347-4af6-be91-6f31ac6db122
2d4949ca-9b60-4818-a4b1-f5147e242eef,note,e227f638-02b6-4745-8f32-38c4a1976513
95ae5521-be6c-4755-ab66-7299487c83a9,note,4ba3226b-f6b9-4da5-bdde-6c726d232624
fa856607-7cf8-40dd-b10a-17dcce451d3f,resource,79fbc34c-3a33-4cd9-9ace-15c2ddd260c5
0176f85e-5789-4fc0-a9a7-47324397bc94,resource,b7ebefb3-57dc-4c99-bcd4-097e894547dc
fa856607-7cf8-40dd-b10a-17dcce451d3f,resource,c4be5444-8b0f-44b8-9c3b-8c637f6480b3
fa856607-7cf8-40dd-b10a-17dcce451d3f,resource,046bb614-fe9d-44de-b762-ff09d7c3b42c
fa856607-7cf8-40dd-b10a-17dcce451d3f,resource,249773e9-7979-4073-99b5-c1ef6ffcb40e
fa856607-7cf8-40dd-b10a-17dcce451d3f,resource,52d557a7-1bdc-40d9-bd9d-6f0dec44aca6
e9d06bfc-fe62-4dd7-b200-2d8c50bde637,resource,6dd12b17-d929-47b7-8ef8-bd93b7f49819
e9d06bfc-fe62-4dd7-b200-2d8c50bde637,resource,5c08049a-bc1c-4410-91c7-f13b7d825e93
591862f3-97be-4dd5-bc66-b0a5648a0fcc,resource,1c1a270e-6a13-479f-a286-4620cd89d75b
591862f3-97be-4dd5-bc66-b0a5648a0fcc,resource,ca1fa9ae-1b8e-471b-b5e1-408402d593a5
591862f3-97be-4dd5-bc66-b0a5648a0fcc,resource,31967b12-682e-43c6-9fdf-a5ecd2c9571b
fa856607-7cf8-40dd-b10a-17dcce451d3f,resource,193bc41d-5126-4e7d-bd66-1a06024fbc97
e9d06bfc-fe62-4dd7-b200-2d8c50bde637,resource,fe8a3826-edc1-4e44-9480-fd89b6cc81e8
fa856607-7cf8-40dd-b10a-17dcce451d3f,resource,d278e494-8c7b-481c-85e3-85b0643fab6b
591862f3-97be-4dd5-bc66-b0a5648a0fcc,resource,a3a690ec-cf66-4934-be97-80c53a19cab4
e9d06bfc-fe62-4dd7-b200-2d8c50bde637,resource,f3892b15-8f4a-4133-9fe3-6ab938771801
e9d06bfc-fe62-4dd7-b200-2d8c50bde637,resource,b3b6cff6-a4a2-4322-98ca-69f1b736fd00
fa856607-7cf8-40dd-b10a-17dcce451d3f,resource,981d77ee-8588-40c4-9be6-38508685ab2b
e9d06bfc-fe62-4dd7-b200-2d8c50bde637,resource,c0f757ff-de9e-4dca-867b-9b73121a6699
591862f3-97be-4dd5-bc66-b0a5648a0fcc,resource,82492b15-b9ee-4093-bb2a-861e257fad08
e9d06bfc-fe62-4dd7-b200-2d8c50bde637,resource,61c986b6-a8aa-40fe-8629-b4f13af8b25a
fa856607-7cf8-40dd-b10a-17dcce451d3f,resource,f0623868-4d59-4bc1-832b-045987645f44
e9d06bfc-fe62-4dd7-b200-2d8c50bde637,resource,5a3c5baa-3176-4b7f-9c72-c6ef304cf5e8
0176f85e-5789-4fc0-a9a7-47324397bc94,resource,5fe940bc-3bed-426c-9c26-7b18bb62ef3c
0176f85e-5789-4fc0-a9a7-47324397bc94,resource,36668e7c-bdb0-4f0b-8736-76a54eb979ae
e9d06bfc-fe62-4dd7-b200-2d8c50bde637,resource,d27870d5-110f-44d4-8957-0624f75c3045
fa856607-7cf8-40dd-b10a-17dcce451d3f,resource,57cda67a-a0d2-4637-801d-43f28832ff2c
591862f3-97be-4dd5-bc66-b0a5648a0fcc,resource,0875048c-26e2-49ca-b3f3-395a1ceaa732
e9d06bfc-fe62-4dd7-b200-2d8c50bde637,resource,fd1c6b8b-7fe5-4ae2-b0c3-49c45535499f
e9d06bfc-fe62-4dd7-b200-2d8c50bde637,resource,176bf1c3-8ba1-4698-ab13-c7a2cd303842
591862f3-97be-4dd5-bc66-b0a5648a0fcc,resource,994f0c48-831a-4272-9e96-18ac0793ca9f
591862f3-97be-4dd5-bc66-b0a5648a0fcc,resource,79cc0d2d-5e36-41d9-9cd7-db37ac883dd1
fa856607-7cf8-40dd-b10a-17dcce451d3f,resource,e6e23ff5-bc68-4568-9773-4141f0c25652
591862f3-97be-4dd5-bc66-b0a5648a0fcc,resource,53154ec4-0c38-4365-bf68-9aa4f215a5b8
fa856607-7cf8-40dd-b10a-17dcce451d3f,resource,e34d77cc-efbb-4f38-a089-ac475dba5ddc
fa856607-7cf8-40dd-b10a-17dcce451d3f,resource,ea481c47-571a-4ef7-9112-391f4a0446b4
fa856607-7cf8-40dd-b10a-17dcce451d3f,resource,1da7c07f-6620-475d-8e47-01e28c0f7799
591862f3-97be-4dd5-bc66-b0a5648a0fcc,resource,101d6897-91e0-467f-9f0a-b2a94a7ecc1f
591862f3-97be-4dd5-bc66-b0a5648a0fcc,resource,71928bf8-c620-48c4-acfb-dedad34c73f0
e9d06bfc-fe62-4dd7-b200-2d8c50bde637,resource,ec27bba4-661a-4e81-9cde-202c9669f1d1
e9d06bfc-fe62-4dd7-b200-2d8c50bde637,resource,c5b4415e-ee80-46c0-bf88-b7f97fecb137
e9d06bfc-fe62-4dd7-b200-2d8c50bde637,resource,5fe940bc-3bed-426c-9c26-7b18bb62ef3c
e9d06bfc-fe62-4dd7-b200-2d8c50bde637,resource,759d6fba-3420-4451-a380-f688303114f0
e9d06bfc-fe62-4dd7-b200-2d8c50bde637,resource,f1c84ba3-0f68-48ab-979b-7d15773cc87b
0176f85e-5789-4fc0-a9a7-47324397bc94,resource,d1983e9c-4ba5-4356-9bb6-5764ca906078
e9d06bfc-fe62-4dd7-b200-2d8c50bde637,resource,bab0444a-24ff-4b94-949a-177bc034871b
e9d06bfc-fe62-4dd7-b200-2d8c50bde637,resource,6ef39c08-8a3c-4418-af17-e4ac1e79ce55
fa856607-7cf8-40dd-b10a-17dcce451d3f,resource,00b4000f-9e6d-4f5c-939f-a902508c72af
e9d06bfc-fe62-4dd7-b200-2d8c50bde637,resource,5c9ee50f-3075-477f-8a19-7a187dd056f3
0176f85e-5789-4fc0-a9a7-47324397bc94,resource,e6087f51-9750-4411-b70a-59a544680210
fa856607-7cf8-40dd-b10a-17dcce451d3f,resource,ec57ec99-aecc-4330-9777-2a164dd43615
fa856607-7cf8-40dd-b10a-17dcce451d3f,resource,74abab13-be71-4989-bdac-ed8f4d58437f
591862f3-97be-4dd5-bc66-b0a5648a0fcc,resource,c6912d98-c9c7-4694-a112-5d5d4e0600ba
fa856607-7cf8-40dd-b10a-17dcce451d3f,resource,13a3acc5-3f45-48c3-9a33-3b8d735e2173
591862f3-97be-4dd5-bc66-b0a5648a0fcc,resource,36668e7c-bdb0-4f0b-8736-76a54eb979ae
fa856607-7cf8-40dd-b10a-17dcce451d3f,resource,f35befa2-2925-4e88-a5c4-4d27721b873f
591862f3-97be-4dd5-bc66-b0a5648a0fcc,resource,d78b851c-3d60-4235-881e-63ce56f290a2
0176f85e-5789-4fc0-a9a7-47324397bc94,resource,bab0444a-24ff-4b94-949a-177bc034871b
591862f3-97be-4dd5-bc66-b0a5648a0fcc,resource,a7a460a2-e1a2-492d-bc6f-5ec753c0ab07
591862f3-97be-4dd5-bc66-b0a5648a0fcc,resource,2b6bce7d-bdc0-4d4c-a854-63e8a03437e8
e9d06bfc-fe62-4dd7-b200-2d8c50bde637,resource,9a54ee5a-cd2a-49bc-bce7-2eca6f8b6df2
fa856607-7cf8-40dd-b10a-17dcce451d3f,resource,0b130fdb-5998-4d5d-8b74-8ce25e639592
0176f85e-5789-4fc0-a9a7-47324397bc94,resource,6dd12b17-d929-47b7-8ef8-bd93b7f49819
fa856607-7cf8-40dd-b10a-17dcce451d3f,resource,c098e888-5b76-4df2-82d1-96cf1625c685
591862f3-97be-4dd5-bc66-b0a5648a0fcc,resource,e345d5ad-fb8d-49bb-955e-a83ed80830c7
fa856607-7cf8-40dd-b10a-17dcce451d3f,resource,fd1c6b8b-7fe5-4ae2-b0c3-49c45535499f
fa856607-7cf8-40dd-b10a-17dcce451d3f,resource,d1128dae-594a-4470-8508-e265189516d5
fa856607-7cf8-40dd-b10a-17dcce451d3f,resource,b2ffd91e-1e4f-473f-8a3c-5faaccd6ec1b
e9d06bfc-fe62-4dd7-b200-2d8c50bde637,resource,b3cd701f-e2d4-4aa5-b12d-46c4e999cd05
fa856607-7cf8-40dd-b10a-17dcce451d3f,resource,b0bd2d55-8d7c-4ea4-bebc-fb8167c8f8c1
e9d06bfc-fe62-4dd7-b200-2d8c50bde637,resource,2f16eee7-6b25-4a41-8305-f45a02582890
fa856607-7cf8-40dd-b10a-17dcce451d3f,resource,b6201bc2-310f-4456-9a92-d1472363d7c6
0176f85e-5789-4fc0-a9a7-47324397bc94,resource,dcb40405-af66-4a92-bc2a-655dd8dc7cec
e9d06bfc-fe62-4dd7-b200-2d8c50bde637,resource,7756ed74-c5d5-4cf3-b126-eb38b3041301
fa856607-7cf8-40dd-b10a-17dcce451d3f,resource,4a6b8967-4733-4ea1-b201-3b5c99e0b642
c67f5cbd-0a60-4497-97aa-b0cebe464b72,note,346467d4-4595-4263-afb2-9d30a8c0b4ac
c67f5cbd-0a60-4497-97aa-b0cebe464b72,note,1f213061-cadb-465a-8445-0a9de9979f6f
c67f5cbd-0a60-4497-97aa-b0cebe464b72,note,a373da59-1062-47d5-a4ca-639400d56d67
