source_table,row_id,tags
notes,110dd1e7-eaf9-4cb2-b8a3-69b2124c1fbf,{}
notes,83ccb6ac-7294-41bf-9c77-0272d60774b6,{}
notes,1abc43aa-9b2c-4296-93ec-23d0b00dc1d4,{}
notes,5243338a-13e2-42e4-82a7-744db6523d84,{}
notes,e16152a8-efb2-4e95-b235-ac4723feb651,{}
notes,5351ac57-bfb9-4e15-91a3-16ca2229d217,"{health,legacy}"
notes,84388c3e-5f96-41b1-a1fe-d85eb1b4fb2e,{work:microsoft}
notes,ae5968e0-9792-4bb2-a230-a732cbb049df,{work:microsoft}
notes,f0d45458-f78b-4d04-a625-a90b3da21754,{work:microsoft}
notes,c8fb6641-b3e4-4c6a-9a98-b042b7a7f6a4,{work:microsoft}
notes,c580f163-790a-43d8-99a1-4dcf3d3c9360,{work:microsoft}
notes,41506e99-f54c-4adf-81b0-e7114bf92574,{work:microsoft}
notes,86ef5ce3-9c4b-4b31-8454-6935efb88ba7,{work:microsoft}
notes,db2d7217-3f9f-4227-8543-457e09e2ce74,{}
notes,5bccec43-a9e8-4e59-8479-bbebeacc78f3,{}
notes,2490e9b2-844a-418f-9d14-16304a29d60a,{}
notes,79bafa2d-534b-454a-9bb0-11b2dde7c282,{}
notes,d405d18b-9e4b-46be-bb4b-7fb5a98b779d,{}
notes,fbe07ad9-efe6-4c69-b1c9-da7d2a94acb7,{}
notes,8cecfca8-73d7-4dba-9f5d-dd07d398a253,{}
notes,eb5d3287-cb75-4c80-8c06-0d8dbce2242e,{}
notes,5f33b423-6865-4705-8419-9221d2adb5a1,{}
notes,8f336676-cadd-437b-841e-2e7b8fd78d6e,{}
notes,d813631f-7684-472b-bf49-a364a0a4e56e,{}
notes,c2d24116-d10e-4f59-bcc1-ee21ff12e8d8,{}
notes,98dc19ac-6ee5-4aa9-9381-230549cc4f8b,{}
notes,fb654fd8-0f81-483f-84d6-2fdf5f215108,{}
notes,dfc29308-2048-4d98-98a0-12643ee86338,{}
notes,449d649b-c612-4865-8708-c9a5b5a0d42d,{}
notes,ecfa8afb-15d7-4e66-9af3-d6fa7d01d2fc,{}
notes,e1d81cf7-bc57-4edd-91f2-c103b1c0eed8,{}
notes,f1697866-9142-48ca-97c0-6b4f20889717,"{health,legacy}"
notes,2ef8f1b3-b499-48d3-a00c-a7dda249b032,"{health,legacy}"
notes,29d924cc-25d0-47de-87ae-d37461eca7ed,{work:microsoft}
notes,bc8a756f-b3d1-4426-84c9-63682726318f,{work:microsoft}
notes,dac6fb4a-2e7f-4cea-8f0a-f5cafbac3074,{work:microsoft}
notes,fa7c7eed-c44a-4525-90ab-add91433db8a,{work:microsoft}
notes,4546fc8a-1fc9-4407-b3e5-294917a70749,{work:microsoft}
notes,88812984-a5f9-44bc-85d4-678cc2f8b765,{work:microsoft}
notes,08d615b8-333d-4566-87ae-e088256e575a,{work:microsoft}
notes,aa121c0c-8ffb-4e80-85fa-ec3b66a2b7a5,{}
notes,13ed0083-ebce-4ae4-949d-319df4d9b393,{}
notes,2dfa61e8-b9be-440a-bc70-e76989917493,{}
notes,6f141aa0-9947-4fc7-a3c9-fc5d2d06130b,{}
notes,e8ce080d-44ed-4576-b9a6-85dfe83ba658,{}
notes,5722fa13-181f-4225-ab98-da9edf1e811e,{}
notes,086d3ad9-1594-42a4-8c8c-12f67a011b3d,{}
notes,adec20e2-e855-47bc-96d1-a6f53fc014ff,{}
notes,d204e1aa-77b9-46f5-8d70-7513448a1696,{}
notes,b81dccbc-267a-4f08-9c47-2b62cb4633cd,{}
notes,82d44438-0476-449e-9abb-16baa78fad17,{work:microsoft}
notes,90acc835-26fc-49eb-bd02-a8382a75a1ca,{work:microsoft}
notes,c99ba9ab-cd3e-4778-a731-76d85f2ede4d,{work:microsoft}
notes,618fa3ce-0000-4892-932f-870c00554e9c,{work:microsoft}
notes,4a12407e-9f4b-441b-8fad-5a2109090d46,{work:microsoft}
notes,a9929de2-0318-4f1e-b6ff-1794ca637d67,{work:microsoft}
notes,7412aec0-25da-4859-8432-8765108dcdf1,{work:microsoft}
notes,f4000533-d3b1-4d89-b12d-4264a64a2590,{work:microsoft}
notes,a7c323aa-83ad-4be2-b819-88daff22acee,{work:microsoft}
notes,ce969384-b435-47b1-b30c-9e44a16fc612,{work:microsoft}
notes,c86b94d0-2242-41e7-8fb1-968f9a1837b1,{}
notes,62899fb6-1856-4ab1-b358-1067032d86f0,{}
notes,5eb80876-7512-4f90-bf39-b59cb9d5ac8a,"{tools,infrastructure,coding}"
notes,3dff6681-1cc7-4e44-9f9c-60233e4092e5,"{marriage,divorce,separation}"
notes,07b3bd7f-640f-4b80-9366-a5ee7d7c16bb,"{marriage,communication,connection,conflict}"
notes,ad2fa153-c1a8-4d7b-93f6-1de9bd6f23eb,"{philosophy,stoicism,self-reflection}"
notes,8992347d-f41c-44fc-9eaa-061e53ccbef2,"{therapy,faith,ambition,work,identity}"
notes,6084d03b-0ebf-44e8-9d8b-922ea4f335ba,"{philosophy,mortality,meaning}"
notes,1b89307e-6fe4-4168-aec8-91d1b4360610,{}
notes,81988cf6-a0ae-491e-94b2-1cb98fa1c931,{}
notes,ba158725-fe44-47d8-bec1-2800c9b74b5a,{}
notes,aa2c7a7d-bc11-4432-89da-0cb43deee796,{}
notes,e40aa8a9-515d-4246-9788-2a93008dfef8,{}
notes,39f17f6d-7c5e-4804-b019-9f3fff5fcb4f,{}
notes,e01838d8-2bd1-4131-bb72-707d5a105721,{}
notes,7cd03610-f2b2-4fa6-b66e-0aaa8b436d45,{}
notes,de3381cf-abbe-4de4-9974-b124f540ca1d,{work:microsoft}
notes,df2b3eda-9b8f-4cba-b579-83789b528e6d,{}
notes,dd96d18f-6304-4f28-9219-52dba2886dae,{}
notes,f0fd9302-632a-4948-8cfd-e04e6c19c34c,{work:microsoft}
notes,024df15b-610a-433b-a721-be67b4963d05,{work:microsoft}
notes,99a804d4-2ca1-4520-8fd4-e3f3054701d2,{work:microsoft}
notes,8970ea53-02c2-4f98-957e-95b5a5dcba90,{}
notes,607d1310-f008-4ca4-a5f5-88b1036bb560,{}
notes,9a2bd7fb-bc2b-4f4a-8a6a-c4424eda6c21,{}
notes,3a0b533e-6313-47a1-baa6-aff8903f8395,{}
notes,9b26a1ca-fe15-48e5-aaf5-df103b5d5b2b,{}
notes,9c7af5bd-228d-496c-8408-43323f99dd60,{}
notes,687ea6a4-4d80-4ac2-96d0-fda3418e0a46,{}
notes,7c254148-7765-482a-b04b-5ca8c3e13fc3,{}
notes,2936eec3-aedf-4f10-bf56-aefd3a639871,{}
notes,756c95e7-95bc-49ca-a356-671655a36692,{work:microsoft}
notes,492ee91f-6fb9-4307-b443-f44b05565f35,{}
notes,e932e0f6-c512-4fca-93a8-37d0ffebc66c,{}
notes,8f40f26e-afe1-4583-9d6a-8615b70498d3,{}
notes,01a13f1f-136e-483d-80f6-4e72475d8594,{}
notes,fad43344-7aa9-41f5-8ba3-fb7dd3def394,{}
notes,aa37b0f4-4399-42ec-af36-5c0cffa43fab,{}
notes,f7227b70-e0b2-440b-a4f6-79ffe95e5272,{}
notes,58f6a3b3-c10e-424d-be89-f62524810e57,{}
notes,a8dbec41-cd7c-4a11-a277-249d18daa208,{}
notes,452db32d-2e6d-459f-94f2-b401fa78573e,{}
notes,e94b2733-c7f9-4954-a730-48a973b406fd,{}
notes,907e5026-a8a3-4a57-b2b2-043af1239cce,{}
notes,983b53ab-f00d-4f98-942a-00becb4cd0e9,{}
notes,42b981e5-018e-46f6-8a15-ba9948a83640,{}
notes,89134191-4358-4600-bc16-94bd41e0bdd0,{}
notes,b819268f-85cb-4e7c-8e2d-5c766e2813d6,{}
notes,1bf25bc4-1718-4e90-bd4a-cbe543d163bf,{}
notes,30ca78c1-9c05-43ce-bd4b-912e1466c001,{}
notes,9c627598-970c-4356-abeb-b943c7863427,{}
notes,92e847e9-d41a-41ad-8cea-c59014aa1418,{}
notes,9a885461-9437-4cb7-b080-3a4643a8f0ff,{work:microsoft}
notes,5f1418eb-96f8-4381-a2c2-266ee85c5d50,{}
notes,b8a18d4f-c4cb-432c-8077-5aa2e19dd309,{}
notes,47a4335d-bad2-432a-ae5c-26b202f9ae9c,{}
notes,c6aad0ea-e813-44b6-805a-ea714962874b,{work:microsoft}
notes,f892fd12-8cfc-44c3-a810-e19d0c839085,"{self-reflection,identity,career,style}"
notes,0a9fda12-7b1c-425c-b15c-76281dd7fd4b,"{career,future,robotics,insomnia,family}"
notes,e81dbaa4-96f7-4d3b-adb1-7891bfc2e06a,"{relationships,dating,boundaries,polyamory}"
notes,a1b72a70-618e-4160-82d2-804d4ec225cd,"{relationships,jealousy,dating,pilates,sexuality}"
notes,05cbd8c2-b0ae-4264-bfac-540288ff7be5,"{work,divorce,relationships,finances,self-love}"
notes,307fd55a-046e-4c48-ac93-4321749b00a7,"{relationships,polyamory,autonomy,intimacy,sexuality}"
notes,840bba4a-2903-4377-9741-210de7ba5594,"{marriage,sexuality,creativity,spirituality}"
notes,7bc075d4-f052-431d-81ba-f044bc1831c1,"{marriage,work,relationships,self-reflection}"
notes,49b07688-be02-425d-bda4-9ce231697bbc,"{finances,work,self-reflection,ambition}"
notes,fe8768fd-faab-4a62-a2b0-d8369fc3d6d9,"{goals,health,self-improvement,family}"
notes,595fb03e-d453-41b5-9ec9-b8aa71970afa,"{breakup,relationships,loneliness,legacy,autonomy}"
notes,1c100bd0-911d-4c93-a264-93f2fdb3cc7e,"{relationships,communication,love}"
notes,72c2da8b-d2d5-4446-a098-e0606bf9535a,{work:microsoft}
notes,f161405d-ad9b-4c1b-b43e-6689525c5ffc,{work:microsoft}
notes,6baa55e2-ecba-4d01-9777-a0543ba0ca94,{work:microsoft}
notes,3dced3fa-8da3-4e8d-8e53-57e2aa57600f,{}
notes,93544417-6b51-4920-a0bf-5752bf5f94c5,{work:microsoft}
notes,6ac27dc6-0fe4-4ac6-922b-b1ce99e41bf1,{work:microsoft}
notes,7cad6b4f-acc9-45ab-bc4b-61499af2e8a7,{}
notes,7ca6375c-af64-4b7a-8ec7-f1df9fe11f01,{}
notes,1df35bc6-d88c-4638-93ac-d274bea56d79,{}
notes,6871142f-516e-48ad-a7f8-9c8d7d1af1f2,{}
notes,6a3efe86-95e1-4539-bb80-63e56c84799a,{}
notes,949a27d6-72d3-47d9-a873-e6b45de0b04b,{}
notes,d68c6f22-9387-4269-978e-b95491ecd29e,{}
notes,abae1455-9f1b-4968-b3b6-2161deb9fcd1,{}
notes,d4f0a22a-0134-4a11-a690-e346210d5cc2,{}
notes,53677f1f-3e06-4f75-8356-e280e127b1af,{}
notes,1da053f7-b9ab-4e8e-aa56-8f4552aeede0,{}
notes,8763af32-d6bb-44cb-a732-556eb19abb7d,{}
notes,322873b3-9377-40bc-8fa8-9bd0ba2087d9,{}
notes,197d8a7f-0af2-4453-87f2-dc7c62f1bddf,"{faith,prayer,repentance,guilt}"
notes,ac9f7940-c40f-49f3-ad95-cd2a7ca297b6,{}
notes,d98a2916-61c6-4900-b70d-030e7fcce8e4,{}
notes,e6819403-49ac-488f-b3ac-1cffc92b9d3c,{}
notes,bd0ea0fb-f27b-48bf-82dc-5ccfa7f0ba14,{}
notes,b1e48fe2-b250-445d-962a-727cbc205c60,{}
notes,27827627-1de8-45e4-8fd7-f5896ead2b12,{}
notes,ec49e6c4-5dd3-4526-a897-fbedaadcc26b,{}
notes,2aaf424c-1fd9-432d-a007-67394de17a4b,{}
notes,10427c66-db35-4d21-beda-88419b1e7e34,{}
notes,c5c33601-13c9-4d8a-a659-7022980cb58c,{}
notes,4d8097cd-12c7-45c8-af95-60b44ad2dc33,{}
notes,f561a86d-afc5-4cf4-bbc8-712b2f298250,{}
notes,ee1e2c15-7c0b-4f03-9b55-6a4b5440da36,{}
notes,80f5b868-56a6-4100-99eb-987940d75e4f,"{self-image,longing}"
notes,38f39a2e-c3c9-42fa-8197-7a58f075bfc1,{}
notes,adb5297e-a0ef-4a30-aa1c-6548bb5ea2e7,{}
notes,fb1841d9-bec2-4f6f-9196-dc36860b2ed7,{}
notes,9c807135-2e48-4f13-8065-658aae1bb75f,{}
notes,e57a0c04-dfbd-4bd3-9b3f-36ca62fef0ef,{}
notes,3c3c6333-1d14-4e78-a068-988e8138794f,{}
notes,c77d7281-275b-4e1e-a7a1-38c04848c5e7,{}
notes,9911a775-a594-458c-9666-ffaddffa5ecc,{}
notes,c754012d-a22a-44cd-8e0a-8a4db5d75e5d,{}
notes,fbc54012-2ceb-4760-800c-f866a22cda18,{}
notes,dae6bd8f-f5ff-4626-a955-43495727e74c,{}
notes,7fa5dcf0-dc9a-424b-b899-e832da7dd4da,{}
notes,c7f661e2-4b1d-4407-84fd-5a737d512559,{}
notes,e533c289-3bd9-4793-8ef6-f30cca15a125,{}
notes,23595ae5-8763-456e-862c-725871e3f85a,{}
notes,853dab71-f79e-4317-a05e-9e1eb2e62ab9,{}
notes,26e32dde-e034-4302-a99f-b2757e0bc37f,{}
notes,1e99ef65-c857-40a3-815c-48bcd0448e45,{}
notes,a8a32d10-4ac1-47a8-b747-730b772c2e9f,{}
notes,63dcbc78-52ec-4732-8dd7-77b6dc6ba604,{}
notes,cf526ad5-f90e-41dd-9179-56cfbd82c20c,{}
notes,62bd360c-cb62-4e16-aedf-abf543fb14fd,{}
notes,5fe8f774-4e4f-4b19-ba80-1c0d2fdef7e7,{}
notes,9934ec8d-139f-4d53-9ba1-926b8914ad27,{}
notes,cde74468-2ffc-4c4a-b78b-025e9629a6a1,{}
notes,0eee8c0f-aebd-46db-96b4-98b65535f390,{}
notes,fa6389b9-2974-4773-a9c9-3f840b43831f,{}
notes,4b173def-b518-4a63-8401-00348b80b297,{}
notes,aecae834-2f5b-49a2-8831-0c15ae5935a7,{}
notes,dc697b22-70ee-4c72-bda0-00d25e46688c,{}
notes,4f516e51-4ae4-4b8b-856d-22e7f96ee954,{}
notes,22fad0a7-43d2-4b29-a8cd-9f17248ed6f3,{}
notes,1bc32dae-92cf-4cf5-ba60-f5a8434bbe70,{}
notes,5fa1a114-36b9-48e7-ae07-d75c1560c27b,{}
notes,bf28d616-f2dc-441b-b0a4-fcd4753352ca,{}
notes,cfc6517f-95d9-472e-9cad-66b6f82991f2,{}
notes,4014bc3e-574d-4efd-bd43-2852652b831c,{}
notes,8db4d2d8-4645-4724-b753-de18c98f8777,{}
notes,4f10cddb-0411-4c80-b87e-ff2634c6b624,{}
notes,05857f82-9003-4e9a-a2b4-c0aa333c02a4,{}
notes,d0ad3bb7-0fb9-47b7-934d-71c3a38fbb1f,{}
notes,4c0be5c5-8c3c-4663-9321-752e8c71f8a7,{}
notes,36635b45-8f90-4897-ab85-47d0463c2a35,{}
notes,64c2b007-df65-487b-a3bd-57199560c9a2,{}
notes,6149ef99-d43d-469e-a303-f0b758186729,{}
notes,7a7fe9e5-3b22-42a0-9567-3eb84eff1a72,{}
notes,efaabd9c-1b57-4574-a77a-ad9d6ad7100d,{}
notes,94556512-99f1-4d33-9c99-452ac434802d,{}
notes,78acd701-2427-48d0-bd8e-6fd80f5936b4,{}
notes,04a65d38-9900-4cef-9fc5-34b57a93b006,{}
notes,67a58073-2374-4c66-bdf1-35e244c44e8e,{}
notes,442e148b-0a5e-4485-82a4-d5b249f1121b,{}
notes,3c4911cb-9d38-43ca-bde6-0c01044f1dc4,{}
notes,665298a6-9fa5-46de-b3ec-8c0e0388a965,{}
notes,31e27d01-51ca-4780-b98b-d6761fe4f230,{}
notes,e1013d17-d4e3-452e-8bf7-71640607b83a,{}
notes,76322e60-2d5f-4068-9f4e-6816e18047de,{}
notes,02e87649-71f0-4c67-9bb4-fc3bb0e40901,{}
notes,69435cd5-2e31-4268-897f-86565d3de79f,{}
notes,537eb7a8-5204-4083-a6cc-e9059c186042,{}
notes,a18d8435-f668-4885-a90e-54de1ff207e1,{}
notes,3a55bc91-6029-411c-85f7-0813f3462781,{}
notes,dd338f88-ee53-439e-bc32-f75576a4ede9,{}
notes,6a3aaa9e-2d24-4c75-a088-56f9e76d29ed,{}
notes,d2329c34-77ac-4ee6-b395-04e1e547008c,"{marriage,relationships,divorce,therapy}"
notes,b5a6127d-88f5-47b3-949c-40b07bfef5fa,{}
notes,0b3dc93f-a6f8-45d4-b279-426ad3a2a4f6,{}
notes,cdad3403-b984-4746-bcc8-af1957b93290,{}
notes,dfb18d12-255a-428b-846c-28390288effa,{}
notes,13edbc0b-cfb1-408d-a512-1e561d87cf1f,{}
notes,f7946611-cdab-48c7-9d87-1dc653a0c5a7,{}
notes,ea50561f-a16c-46dd-8992-113f599d8273,{}
notes,145a0382-5b16-4e9a-9a47-0d21fb8bfb35,{}
notes,69c70482-9e80-40be-8394-186a90d7ff46,{}
notes,80664130-a589-4c39-bace-09f410b2bf3b,{}
notes,bd211184-203b-4431-95fb-15f995a12417,"{writing,fiction,ethics}"
notes,079ee413-dfa5-48bc-b08b-76cb7342c710,{}
notes,24f66899-913d-4bea-8844-743bb7e44132,{}
notes,27da8439-1176-408e-8a7a-0fa1747d7de8,{}
notes,596957b8-769d-4ec1-bffa-7da644faa9cb,{}
notes,6df37931-3e6f-4333-8eca-d6b9843f8c6c,{}
notes,88e63f23-cbe0-4361-8108-0ba2b01e911e,{}
notes,bb668a56-1b0c-4220-a063-3329ace99ac9,{}
notes,44f241b6-09a4-4155-ae79-c95aa11528d7,{}
notes,0e8a1486-47a5-4b5a-b39c-0cd4033aca71,{}
notes,625b405c-da03-4c59-bd9e-3d4688d95181,{}
notes,f1a320dd-af76-44c3-b027-fdea28241d89,{}
notes,04d515f3-188c-4621-a550-51e5c5617dfd,{}
notes,1cfa2fc2-0902-4eda-b569-6fd46ff265c6,{}
notes,2e56a799-9fb0-47c2-9b56-952debcf3540,{}
notes,143b663d-f5af-4dbb-bc28-bbe3fa77e459,{}
notes,9a0aafe1-4acb-4eab-a53c-939d15dc5937,{}
notes,5ca40aa0-8c6b-40a8-add5-a9a40b17b4aa,{}
notes,0b679913-07c7-43d1-9bcd-765eabf2464a,{}
notes,4f445f64-e406-493e-952e-f20c3dce4a9e,{}
notes,c1451333-10d7-4135-af82-79777a23fb5e,{}
notes,c85767b7-0b81-4e54-9952-30338bf17807,{}
notes,47fce3fd-f646-4daa-94c1-4130dad3cf38,{}
notes,3ac77cd7-549b-4404-8cd8-713797650220,{}
notes,5469c179-c09c-40b9-aadd-60b4a281fb49,{}
notes,226587ef-7c1e-46a2-899c-34169cdd59e2,{}
notes,85480755-572b-463f-8e81-b500d4b2be0d,{}
notes,42d4603f-6361-4696-83a3-3fd65b2f7137,{}
notes,14db5eca-9429-4047-bde3-8187f9fd2939,{}
notes,e5aa92c4-9aa3-4699-af7a-e5f3c7a2bd20,{}
notes,38ab4670-d316-4899-b3cc-33e66ec2d9a3,{}
notes,71fd63b8-a23c-42fe-be59-ac1acae296bd,{}
notes,fb519ed0-8b9f-43da-8d08-2e7b3c0cd76d,{}
notes,4d4b8063-c7e3-4cc1-bbba-7700516e5359,{}
notes,727ae698-7407-4e14-b600-743ee1d4206a,{}
notes,541fd951-c382-4a35-8be4-7e811f3b0073,{}
notes,65274d8b-fdc6-42c8-becb-291d4f422785,{}
notes,762877dc-9f54-4ccf-a225-1b3893ab2f40,"{finances,marriage,resentment,divorce}"
notes,dd98e0c9-b78f-4c16-928f-964801610329,{}
notes,b9baa755-d0d9-428c-a34f-e343909edf63,{}
notes,5e9ca29b-ecd0-48f0-8d79-b3c290dd91b2,{}
notes,8c65cc76-d23c-481c-8f47-06a8303ebf9e,{}
notes,acd89fc2-9dcc-4f82-a444-663dea52efaf,{}
notes,f3d722e1-cded-4c75-b294-44c3c9e34a08,{}
notes,43211a84-1f26-4916-85ad-2cd2ebeb9248,{}
notes,38e932fc-97ee-4a3f-aac0-23eba84db22c,{}
notes,58237716-deb8-400a-a000-5cf6a5976266,{}
notes,8fde7a93-b6c8-49b5-91ee-da518f3b8762,{}
notes,59ef6d47-5b15-4141-95bb-09bc2f3dfad8,"{marriage,divorce,family,parenting}"
notes,84da9da3-fbf0-4079-b65e-ca86b3e80efc,"{divorce,marriage,autonomy,sexuality,family}"
notes,ef4d986d-781b-4c17-bbeb-103cfa674dcb,{}
notes,0d9b5f3f-fad6-447e-acc2-5a26c4b66a3a,{}
notes,7d84bee5-9276-45be-b197-4f6ab10b8468,{}
notes,b1e35712-e72e-4555-81c6-802a27b2258a,{}
notes,0501eee5-b509-4fb5-955a-c937f85b7ff0,{}
notes,46990a58-128c-4a49-8a4c-a32c281f133e,{}
notes,16a99235-829d-4819-85ef-46d68957492a,{}
notes,0163f1bb-6c4a-4d32-84ec-f841eb31e570,{}
notes,6e0a5f9a-afcc-4451-a469-c8415a8d54dd,{}
notes,aedbf9ca-8968-439b-a36c-40108dd27c73,{}
notes,eeaa44c4-f53b-41af-8082-d92929866811,{}
notes,0f0d305c-08d6-4574-ae86-83e25394c8ad,{}
notes,e52ebc6e-a0cc-43c4-85f6-1b802caf894a,{}
notes,10477ed6-6fb4-4483-bfd6-8e6e3db5c06e,{}
notes,dd0f2558-9c0c-4869-bb17-d544555f710b,{}
notes,35435b63-5837-4e1b-9150-e0ed7d7d92e7,{}
notes,a59e0781-e30d-494f-9dbc-1221d5ccc352,{}
notes,5e8dee68-185c-4348-9224-f7c5cd1ee1b3,{}
notes,d69e024a-fd41-4e24-a6be-4da3fea81bee,{}
notes,ac336c02-6955-409a-b28a-30144ed1ba1d,{}
notes,d0ad1617-8c5c-4521-9a97-a505a8ceef84,"{work,relationships,dating,anger,polyamory}"
notes,e0a4d750-4b0f-4454-b84c-5ad521415bcc,{}
notes,507bdc55-da3c-4b0d-995b-584e1d6edfd9,{}
notes,103d17b8-2886-4d74-b4fb-bfdbf4c3a20a,{}
notes,59d51fda-8303-49dd-960c-5e97d5b4de75,{}
notes,70cc84bc-08ec-4056-878c-1fad933bc7c5,{}
notes,fcae0aa8-45fe-4df4-bf56-184ed97a03ac,{}
notes,0239a9d3-2885-455c-95f2-5fa52311a4d5,{}
notes,0e3494ca-8102-45f0-8db6-93affb7d60c4,{}
notes,cc742a7e-ae26-4d5a-86a5-f69c9a85ed3e,{}
notes,ffc89a92-9b72-4611-91f8-8ba9e145f062,{}
notes,517e600e-6ec6-4db8-b9f2-0567798b98b4,{}
notes,1cd0562d-fc04-452c-8a6c-e591881306d6,{}
notes,4b364e63-fb48-45fa-b599-aa26e6629ff8,"{relationships,work,health,polyamory,breakup}"
notes,fa632b3e-0300-4b3d-a022-e7d11ab34f96,{}
notes,eec30103-2782-43b6-8f5b-6f7212e66c8b,{}
notes,2bffdfe1-b05d-49ca-821e-d0adc6301dba,{}
notes,8508ded3-dd95-44f0-9994-1814d7008323,{}
notes,e287e3ee-6066-490f-8760-097570572508,{}
notes,3935e0e6-2ff4-41d5-96e9-f205bbf563b0,{}
notes,51ea57e8-2d3e-4d60-a38a-b6ac108e0ab0,{}
notes,227770ae-5da9-4773-9c0f-00d1923339a1,{}
notes,a9b77aa6-ef3c-410f-b1e6-14c341d3a438,{}
notes,fab9dc98-97a9-489e-9f7e-1d568f5ff7ac,"{relationships,divorce,dating,hope}"
notes,32983a03-47d8-4a16-a0f6-8f13560a10b6,"{solitude,identity,dating,philosophy,relationships}"
notes,cdf1ce6f-edba-4939-8c9b-b73e1d9dcd9b,"{relationships,polyamory,divorce,trust,abandonment}"
notes,6dc3e16b-0341-48e1-b62b-a3f3750bd4bc,"{relationships,romance,travel,family,hope}"
notes,c71ffd10-f6dc-45ed-a215-29a986fd8cd8,{}
notes,f8415846-9548-4159-8016-7068011bc68f,{}
notes,52ca9389-8ad7-44f9-b435-d1d4b6c54b67,{}
notes,fcc84fd5-0743-4d11-8b35-b5acb8a43bb3,{}
notes,14f39c3d-6a8a-4f8e-8912-4c89cda5a2ca,{}
notes,dcacba55-8185-4500-8c1b-29c389445fe8,{}
notes,a28a1070-31a0-4ad5-a6a1-d89b0508da1b,{}
notes,eddfb044-ff8b-4f35-847d-1cf7a1d477cd,{}
notes,24abbd5b-f516-45be-a23e-f591ed146507,{}
notes,d3fd3514-f879-479a-9339-34a7e99eed59,{}
notes,3286cba6-4341-4394-a1d9-71d84db8f1e1,{}
notes,dac39649-9652-434b-90a0-3be4939363c3,{}
notes,80371dbc-07d7-45e1-b554-6f0305e080ff,{}
notes,8a89d5ee-9538-4f34-8836-98ae8b87ba84,"{relationships,dating,polyamory,divorce}"
notes,4215cc0e-3c8b-442b-87ad-305341501a48,{}
notes,d1d63e57-2ee7-4ef3-bd5e-fdff22c12a5d,{}
notes,8cc03914-4bbb-49d9-903c-61a012fa635a,"{breakup,grief,family,divorce,parenting}"
notes,f8f84db3-3643-4db4-a48c-94d438b2057e,{}
notes,c0e1503c-491e-4b48-a5b4-c736d565f1ec,{}
notes,d8113e80-9f46-4763-ba89-10bf1f2ea767,{}
notes,35b062ec-8382-4a03-833d-6a207f060085,{}
notes,f53943cc-2d5c-4bac-bd28-fb3f6f8728e9,{}
notes,a55f2957-6456-4c14-900d-52c876ed82d6,{}
notes,62ba0ab0-7dae-4312-acfa-88ef448cd4af,{}
notes,06ad4bbf-2c33-40e7-9cf5-eefd44b65ef2,{}
notes,74d1138a-9172-4948-b2b5-f11bc48de382,{}
notes,cf87d10e-636f-40c5-a066-a4672654c713,{}
notes,0b52dbcb-8dd0-495e-b173-fdf1a6d526b9,{}
notes,b431c827-9e6b-4918-a611-cd9aa8ebf8d6,{}
notes,67375729-8555-4733-95a0-a0ffd7bba266,{}
notes,cc9ba215-a3cb-4925-9a3f-f9e83e524058,{}
notes,e8aafe25-467e-4c05-991f-2ec23887a817,{}
notes,d08fe12c-f156-4e06-919e-f8bb884075e0,{}
notes,954f6faf-9695-42f1-854b-9983362ad007,{}
notes,e66335ce-122c-46ac-8778-d2f60e4e8b08,"{dating,sexuality,self-love,addiction,ai}"
notes,b7ebda80-bf44-4bd7-8f36-6b3cc38f7021,{}
notes,2b01fb38-8098-4659-a150-63a4cf03ef1e,{}
notes,de3aed34-0585-4381-9f49-6c86681cd501,{}
notes,7507154d-4c05-4fde-b97a-6a1c1a3f7e74,{}
notes,4d0e144f-d391-4915-8fe5-ddd7f5c242ac,{}
notes,ad90f33a-a05b-43a1-b41b-afad88508749,{}
notes,37acdb27-6884-43c5-bce2-7516f2da4dd4,{}
notes,75b6b9e5-9692-4ebf-90bc-de15c1b90a05,{}
notes,025fb4a4-f340-438a-8c01-ab60e89b35c2,{}
notes,2d6e925c-4a43-49d5-addd-230b9edfbf55,{}
notes,fd58738d-8cd4-41d8-a598-6abf689e7c68,{}
notes,f510b4e9-89b8-4dbe-bd83-1fb0809a93a3,{}
notes,786e101e-3747-4140-af4b-778abb6612fd,{}
notes,86328d6d-f3b1-4c25-a2ac-a9e6ad5bc43d,{}
notes,78d0946f-8ef9-476d-89b5-7460a060cb9f,{}
notes,b6ba6391-ec95-4eca-8d7e-f2ecff928e2f,{}
notes,2cead630-54ce-401d-b758-eb73f168df62,{}
notes,c15ca031-06bd-4a02-966f-fe2bafe6fc95,{}
notes,a301ea83-6933-448f-a7ee-4c7b26d43c52,{}
notes,cf2248e2-fa88-4550-96e4-f51c12d053ca,{}
notes,c59e513b-aace-444a-8ca5-0bb562238ad3,{}
notes,fd8288bd-fd75-43d1-84e8-95ac7beda6eb,{}
notes,caa1bc7b-d0b7-48d9-a2be-5600b3f9548a,{}
notes,ade82fb4-898f-4236-863c-6a0d23390344,{}
notes,9bbd5bfc-e193-49a0-997c-3523a67660ea,{}
notes,dc97a87c-0974-4e99-bfce-df989cce7cdc,{}
notes,6d0920f0-5f84-436d-9edc-3ae840916dfc,{}
notes,ae9c3a3e-1afa-4c13-8f96-2c1b53f530eb,{}
notes,124275e3-d89e-4038-b113-05d7bff4c1ad,{}
notes,c03d0972-63d0-455c-a504-efc06457c002,"{identity,self-reflection,faith}"
notes,f6328355-d7a9-49b6-8006-186cd987926f,{}
notes,d6f18cda-a74f-4a2a-880c-5b2d1c624938,{}
notes,1f29e538-4337-4991-8aa9-016820737d82,{}
notes,62ec90b1-48c6-411e-ac23-e86670faef78,{}
notes,0e69b7d4-b80e-4b3e-af36-ac9470667e28,{}
notes,4cb43666-3835-4597-a5ec-d405a3c16f55,{}
notes,7310b0ac-aac8-4233-8d7e-b415c30b00ef,{}
notes,3a3fc487-73c2-4beb-a1bb-64780a2d45f3,{}
notes,a58857ba-f350-49d0-881e-aa944e8780dd,{}
notes,f9610dae-4bdd-41d9-8519-9a2c8224d6d7,{}
notes,e6ba8739-663f-4e84-9d06-de09fb665355,{}
notes,29260fb3-f12b-47d4-a910-f85d60073f33,"{divorce,anger,family,guilt}"
notes,661fe878-a506-4985-983a-5b4eb2785ce6,"{divorce,marriage,mortality,anger,faith,technology}"
notes,fc29d67d-240b-4807-8ee1-12611e5db130,"{divorce,parenting,family,forgiveness}"
notes,eb57fd63-d51d-453b-a4b0-3dfab91c146d,"{love,relationships,reflection}"
notes,5d00f814-2247-434f-8023-cf3a3f3ada24,{}
notes,6d50919e-9b01-4170-91a7-df7434122207,{}
notes,dcfba0b5-b14f-40fc-b768-aea244e921cd,{}
notes,8371daea-b062-46c2-9711-904052210d73,{}
notes,1ea13a06-2edf-487b-9d0b-ca9f06af76f8,{}
notes,68dc44fb-6208-4d23-b36d-c243dd4d21bf,{}
notes,6289e594-1829-4ecd-8302-8816ba90d9fe,{}
notes,6850eeda-4ac4-4626-b56c-303160852af2,{}
notes,f89cd915-072d-4ce4-8e0f-14ccb4536fa7,{}
notes,2d53dd8a-a114-4d9a-b894-abb3af3fcc50,{}
notes,97916c1a-9ffe-4113-912c-3060caf64f5e,{}
notes,852cbd8a-a566-4e27-97fd-10bc2bab53ff,{}
notes,3c52209e-9c21-47f8-8f2c-fd6ddace69dc,{}
notes,a9d43377-1b43-418b-8c1e-e0e0a95cfb27,{}
notes,40761c82-d290-48fe-8178-7e82c97607f8,{}
notes,76ede6b8-2cd4-40f6-b136-3c11605d857b,{}
notes,2ba3dc8e-806a-46c8-8667-6434bbc4a118,{}
notes,88489de8-c39f-4d33-8adf-b3c4f225bbd0,{}
notes,5bb48d05-55f2-429c-9d90-94d56301946e,{}
notes,95dd1ac2-3a25-4415-9d45-a4d8f20e1d92,{}
notes,b1a054db-a5c0-4b77-b8ed-d1c44f18bb6a,{}
notes,38e90c0b-9370-400b-ba57-85e97d096d5b,"{work,feedback,distrust,career}"
notes,063aa65e-06c0-46ab-b3fd-d701ef7d1cc1,{}
notes,5c79d958-f2d1-4e17-adf7-7adf7b2ce066,{}
notes,2983713c-2108-44cb-a534-53e3b95dcf44,{}
notes,e57e5339-c336-44d5-b865-e12a92cbe5ea,{}
notes,e5bd9877-7cb6-4595-b72a-2bd2dcc1425e,{}
notes,8f7c0bfd-f593-4b6b-83a5-2c3fdc5a8af5,{}
notes,347dbe4c-cbf1-4de1-962b-7c485794976b,{}
notes,7ef061f0-8dd5-4315-986b-8c1330759eab,{}
notes,dd300cca-4197-4330-9999-08bccbf78a41,{}
notes,27bec3b6-7f79-4448-af9e-fa4bcbcf3656,{}
notes,58776eba-eb9f-47bf-a961-b671029e3b21,{}
notes,6429db04-86ff-489e-8226-de137fb037f1,{}
notes,f2e0223f-18d8-4287-b4a0-43606e561589,"{family,home,divorce,parenting,relationships}"
notes,27433bd7-42f6-434b-bc8f-fddd90cb9ade,{}
notes,e1fd743c-fb7f-47fc-bf26-81c8892a0bee,{}
notes,95f63709-c19d-4e26-9c2e-6c28dfc1ec72,{}
notes,299d9dbb-1f26-49bc-bb58-459d7fcff1a8,{}
notes,04be4a74-f4d2-4d39-9a0d-0859e399846e,{}
notes,a467922e-9123-4256-86ab-1ff38c9cb552,{}
notes,c40fa571-413e-40fd-a2f4-49334dde0274,{}
notes,73a29ac4-0820-4827-ae03-c58d485ee0f2,{}
notes,3ee787eb-f1db-49cb-9139-727cd44fdddd,{}
notes,ebfca110-8266-44d4-9104-e1535a96ed5b,{}
notes,cc8a7746-5b78-4cc0-b7bf-e79861c151f1,{}
notes,c3e23e9c-edaf-466e-9576-4c333beec7b3,{}
notes,f2d1d169-bcc7-4bbc-9f6a-d0a43ca84b4f,{}
notes,6797afaf-29e8-4bec-8a57-5e277a80f975,{}
notes,77327e5b-fdc9-4c6e-86c7-481a7499ca80,{}
notes,3f782829-66cb-484e-bd13-afd2349f2474,{}
notes,7568f457-2a17-4ade-bcc6-b149a0495585,{}
notes,d0040769-0039-4a9d-81da-9c4821b84ef4,{}
notes,80b32443-c8a0-445a-aa68-eb6692dba269,{}
notes,fc90b91b-c744-4d41-bece-3d408eda2cb3,{}
notes,bb44f83f-3e87-4751-b413-53774354c2a3,{}
notes,42d7e76d-20d4-4cc4-b1cd-fb7582c94e89,{}
notes,93c97166-090f-42b7-b4bb-7b58c0105d77,{}
notes,f8729ac4-c210-417a-b56c-34b602432c19,{}
notes,591d9ad4-a08d-4c36-995e-5f3455387b5a,{}
notes,6670bef3-69a0-4574-81e4-b9ae34a441df,{}
notes,78617836-8fe4-4d2b-aa74-47d169eb2ca6,{}
notes,e1706d64-ff17-40fa-936f-53bd57962177,{}
notes,48e7b5d0-11a6-4dff-86a1-0c15d1aa5f99,{}
notes,bc94b918-aafe-4a07-af65-94783e2ecc68,{}
notes,5aa4d78d-b2d9-4a0a-b4dc-8893a5fbcd64,{}
notes,a940038a-5f80-4db8-a836-e05b5bd7ba6e,{}
notes,009dbe9f-11e9-4a14-ad33-79392a83f76a,{}
notes,bfdaf3f6-8fdc-45c5-a81f-31709cdca362,{}
notes,79f1bddf-f805-4ddd-a676-fe3f047010d0,{}
notes,3a0f8e0f-8dcc-4119-8e41-b9b47b73943b,{}
notes,5ccce057-57e2-4f66-9006-c5b21bb7223e,{}
notes,d6fe4785-6b5c-4b71-8cdb-13c927454fcf,{}
notes,f3d51b29-e616-4344-9e9c-64e90e950ae9,{}
notes,badc8143-6eb0-40c2-8c71-1c4e6e542147,{}
notes,4613b268-53ff-41e8-9156-c4093cbb67a4,{}
notes,d80927d7-121a-45fb-8259-441f8b9fb3dd,{}
notes,e04bd57d-f88f-47be-9bbd-bb3f97392acd,{}
notes,1def8301-3744-4c11-b245-f03feee25885,{}
notes,bbbcfdf8-62cd-4d60-b73a-0989c7521cdf,{}
notes,1228702a-26d3-4ebc-8e06-87cc03201cc4,{}
notes,468fdc18-cd5c-4d3f-bb8f-db3506d40d9c,{}
notes,b8fc3660-4d5e-4465-b674-8c1887cb6eba,{}
notes,46686723-5122-43b6-9591-32c1d2afe5b9,{}
notes,e393a4d4-233a-410f-8d17-535f14a8b308,{}
notes,cb257a2a-a9a4-4824-a0ab-b02fbcd1ae67,"{trial,grief,anxiety,justice}"
notes,c25f2004-cb65-4f3a-a5d2-29923f85c1f8,"{divorce,therapy,family,work,growth}"
notes,bd4c0700-6063-48a3-8950-f3a7d413eb98,{}
notes,f357380d-553c-47dc-a018-4f2527c291bb,{}
notes,dee8f985-7d17-40a3-ae0e-49dc181d5759,{}
notes,02a4fd5d-a3c2-47dd-886d-3c59275eb414,{}
notes,48dde409-57de-4cd5-9890-b40106141326,{}
notes,06707c7a-0e0c-4626-b192-fae640349063,{}
notes,022c1193-085c-4a9c-a864-2d760f1f7455,{}
notes,f5b8ba49-f998-4fff-bd9f-b67d10215978,{}
notes,ebea4604-08e2-4f56-ab0d-1c9d06095e9d,{}
notes,2807192a-2f7e-4a37-9ef1-9080a31e91cc,{}
notes,97053aea-8137-4d41-905a-b10824a41477,{}
notes,1bc0e103-2196-4706-be38-ccc0ec484854,{}
notes,c82deffa-7918-4e3e-bdd2-473e71281d93,{}
notes,8402345d-2ae8-4e8e-bd64-4919d7e932c3,{}
notes,52ba4aed-eab4-4513-903d-bf158feb95ab,{}
notes,2c3d0187-5842-4076-8114-c04886cefb58,{}
notes,851a0740-45e3-4b51-860b-c0700460807a,{}
notes,4e7a5de8-5f42-4899-a2bf-2a1804158733,{}
notes,56cbf248-34aa-4304-8b55-7181370fe4c5,{}
notes,576c4952-7c56-4d88-82d7-4bf8fefa052e,{}
notes,1449eff9-599d-4cb2-abcc-0280a76ac16f,{}
notes,84374321-5024-4468-9cc9-8cd3a9f9f33b,{}
notes,00054b30-d9ff-400a-8d7f-1ab7a664d6b0,{}
notes,4a4e0957-1830-47d2-87b2-a32cde38454a,{}
notes,f03a636c-ce91-4a21-9267-eb543a6c6912,{}
notes,c4becc52-72e5-400b-87b5-0f8cdadd54ee,{}
notes,b999d4ae-ae79-4c1f-9cd4-12b6a50a5212,{}
notes,024fb209-34f5-4a14-b881-e379ef5e6758,{}
notes,1076a5aa-355e-4f11-bbf0-2a38bea3aad2,{}
notes,be51ec2e-e5f9-48f7-8b4c-615efe938ab4,{}
notes,1a1f10b3-d04d-4310-afac-694d883195e7,{}
notes,59769fe5-d2ac-4926-90cd-36019903b4ec,{}
notes,4c014d96-aa37-43ce-ae47-0273dea53675,{}
notes,5e341c3c-8efc-438c-8b77-9e957f3c3383,{}
notes,12da0927-1e33-4a58-9e5c-f9af9b9d218f,{}
notes,f299c10b-011d-4cca-9019-20249f892bae,{}
notes,da1f9664-ee69-4142-9398-d70ff5876174,{}
notes,620c0e1c-03e7-4e43-ac1a-613a42792e09,{}
notes,89c24707-52bf-4e5b-8652-77ed0a8b6958,{}
notes,a4689cab-1c24-4993-a136-d5c670d983d5,{}
notes,21d55e1a-7c4d-4efe-bf21-7755bd198ee6,{}
notes,05c8d8ee-ecd2-4865-81d5-20aadf842d5f,{}
notes,70bb9cac-f6ba-4b05-b657-31bc2c373eb2,{}
notes,e6e37306-1f69-4bec-b6f8-a4a7dc6d4969,{}
notes,561740b0-fd98-4fa1-a11e-374da8b1d92b,{}
notes,13bdcd61-2751-44eb-adf6-9bde63702b51,{}
notes,89d43e89-b434-42ca-a326-5429b9062a63,{}
notes,6d1243f5-84f2-4a9b-bc0f-3e05c23d43be,{}
notes,eda50a25-1dcc-4aa1-b153-30ee8ae18247,{}
notes,9b969357-332e-4340-aeb5-216e208cd3d1,{}
notes,b7b8bb88-b698-4109-9351-55c554168f69,{}
notes,6a1e2181-d340-42e3-8bd7-c213773528f4,{}
notes,a51eec95-cb77-4b6c-b8fd-b8ff93d4f15c,{}
notes,24572303-4875-4be5-9cb1-44a53f4ed63e,{}
notes,95df0b16-3912-4698-803e-e531dfd5d994,{}
notes,cc52b0e2-7369-4db9-80cc-ae6085c81bca,{}
notes,93b01228-62ae-4514-a641-88530132d50f,{}
notes,68e216cf-62e3-4919-88c9-c8815557a4c5,{}
notes,a94e6726-6cca-4ca3-8582-2f5dff0205be,{}
notes,cb5e05a8-89d6-42fc-9cd3-acac8c6175a2,{}
notes,b0ee7897-0a98-4fc0-84a0-687362dfedbe,{}
notes,0b1707fe-199b-496d-8b41-36319d7c79ea,{work:microsoft}
notes,8edf65f4-417a-47f8-bf24-6c11cfa5a145,{work:microsoft}
notes,ca3bff27-a9cb-4cd9-b163-82a1decec132,{work:microsoft}
notes,74c83f70-462b-4a35-8500-e19b5d0069b6,"{work,technology,ambition,society}"
notes,5497bc55-d3de-43d5-a3af-e3576b15b8cb,{}
notes,a66b59e0-477d-47b3-8550-e05029525863,{cstf}
notes,4998b676-1dc0-4b4f-958b-1cf5f0aa848e,{}
notes,de4ff356-ca2c-4e63-83b0-370676d61e46,{cstf}
notes,82866545-3121-4bd2-8869-040d3a0d9cad,{cstf}
notes,94926cc9-1482-4da6-9a1e-66c5c3b4304f,{}
notes,8af3652c-7593-4e2a-b063-5e8121e3b12c,{cstf}
notes,602ca844-d355-4169-9118-9c1fdfeb1193,"{work,projects,funding}"
notes,2dc98719-9d2c-4478-8bf1-04f1326e78b6,{work:microsoft}
notes,ca0a6fbc-5052-4b90-a7ad-49e18cb7663b,"{divorce,conflict,co-parenting,anger,marriage}"
notes,431bdb99-ced4-4e08-8710-09d1466d9d05,{work:microsoft}
notes,341af73a-94a8-4783-a392-7d1c049e3c71,{work:microsoft}
notes,a799fd5f-c0e0-45d7-8239-31562fa078a0,{work:microsoft}
notes,4056b24f-171c-4b54-8cf7-9e997276821a,{work:microsoft}
notes,a80dbb05-39f9-45f4-b75e-b5c321a1a93b,{work:microsoft}
notes,bf0002b0-f587-48c0-94eb-f3b414276eef,"{health,legacy}"
notes,36ef3047-69d4-462f-bca8-8c40d9b4433c,"{health,legacy}"
notes,bf970f35-1852-4398-894b-a0c4f7bffc09,{work:microsoft}
notes,e818b63c-e745-4376-8413-cd29a9eff6bb,{work:microsoft}
notes,1cec7adf-ab26-460d-be7a-5dffab648136,{work:microsoft}
notes,5ba0cdb5-c3fd-46dc-97ef-5b3cf66de2ad,{cstf}
notes,972c0655-008c-4bfb-8965-e3980bf1c706,"{faith,marriage,work,finances,prayer}"
notes,b066f9fc-2728-4a9f-a5cb-3402c2021d21,"{faith,theology,sin}"
notes,a462f247-64c7-4ebe-8fdf-e46afb5754f1,"{therapy,relationships,work}"
notes,3145f404-0e86-4aba-b95f-d2a043e13a0b,{work:microsoft}
notes,3ac99fb3-d847-4e7b-8601-c651fa7f5ebd,{work:microsoft}
notes,6d472f71-98e1-4720-ae86-0e310ca1edc0,{work:microsoft}
notes,2e3fecc2-df06-478a-b3e6-c0c8e3d75540,{work:microsoft}
notes,e012874a-0783-4538-b7ed-e4b37dfcc3cb,{work:microsoft}
notes,ad691ea3-db97-49df-a166-4e53132ff5af,{work:microsoft}
notes,98bd59ad-0237-41fe-bd6d-4282f702e171,{work:microsoft}
notes,bd7d1330-eb90-4240-9ab7-0a37bdfd4dbd,{work:microsoft}
notes,1229d92c-5378-47c8-80e2-de1aeae02bbf,{work:microsoft}
notes,fcf3bc2d-9472-49e4-989c-4a4180631dca,{work:microsoft}
notes,d5754c7f-4843-48d5-8f15-639c2522b29f,{work:microsoft}
notes,f15ed702-5a74-4f45-ab76-6ec9fde8f5f9,{work:microsoft}
notes,e0397856-9aac-4836-8350-05c26b64411d,{}
notes,b64a0c53-d1c3-4dc2-bc11-d3367f151bdc,{}
notes,5d2844ba-8018-4ed5-a83f-f61f7a4cd106,{work:microsoft}
notes,6b40505b-2037-49ad-b487-9cb1c77f0f4a,{work:microsoft}
notes,b7ce1c8d-9b6f-4896-b4a5-cf08f2e2b908,{work:microsoft}
notes,9ee832b1-5e97-44a9-9c1a-486e6e6873d7,{work:microsoft}
notes,4d982fce-eeef-443d-83d9-4bc78f2b36cc,{work:microsoft}
notes,9b0c7b28-49ad-4964-b961-b425f2014764,{work:microsoft}
notes,d31020d7-aaac-4ff5-8db9-a7e2f08d963a,{work:microsoft}
notes,5bf09acc-8eff-4a13-a82b-fab8941c9f61,{}
notes,49e45a80-254a-4c60-bc30-da0d5020bcd9,{}
notes,b7993c50-24f3-40d4-9463-e275d0aaaa3f,{}
notes,b117ec8f-fc5a-45a7-86ec-c36bbebfb6d4,{work:microsoft}
notes,85937ba3-a758-4e2f-a85f-400bf9dec302,{work:microsoft}
notes,7b01ce8e-ad2d-4a3e-987d-fc4d41fc478d,{work:microsoft}
notes,f5841518-4ccc-4ae0-8534-d53f7933414a,{work:microsoft}
notes,6f9ae2a4-f848-445a-acef-b6e037177b8f,{work:microsoft}
notes,03005a5b-a57d-4e1e-882a-ecc040f454b2,{work:microsoft}
notes,d97166fe-b114-44a0-a9ca-1b7764a4dfba,{work:microsoft}
notes,f18ea4ce-3b63-4421-83c0-1af546d21cc4,{work:microsoft}
notes,e8442095-8715-4fc1-8743-09a00b714cf6,{work:microsoft}
notes,d66e0ba6-b215-4b29-a961-2cdc20a34efe,{work:microsoft}
notes,d0893d58-016f-4726-b6fa-2075d600e4bf,{work:microsoft}
notes,0dc653fc-12cb-4cb7-b679-0b61bc31cff8,{work:microsoft}
notes,a245d465-5036-4fc9-8a0f-88a684f35e46,"{work:microsoft,private}"
notes,fd12a5d5-6756-457f-ac4c-a5ebaf3ea4b2,{work:microsoft}
notes,eb0c4490-2199-4c9f-be34-c339f7c70afd,{}
notes,9f5601d4-2d9f-41b5-ae8c-f96d5b22e6a8,{}
notes,22a77d82-32b4-469d-a3a0-988228da66fe,{work:microsoft}
notes,61d278c4-9c8b-4e34-aa47-24dde3872c9d,{work:microsoft}
notes,8309b98c-387b-4841-8369-a2a62e8c15da,{work:microsoft}
notes,1bc7a314-85f5-4ac2-b401-3cd579dbea44,{work:microsoft}
notes,0d9897b7-8b80-4f4f-a04e-b920ee51c9e4,{work:microsoft}
notes,e70ed2d5-fc8e-4892-971b-b015bd083625,{work:microsoft}
notes,ae9b1935-23cf-4fae-9f28-862083a379ad,{work:microsoft}
notes,d1b4395a-8b3f-44da-802f-e351544e4340,{}
notes,fcfe80bd-467a-4073-bb6c-ebd61f5e77e7,{}
notes,f3ac350f-7ae8-4b92-a7fb-ac548af355c8,"{love,relationships,marriage,healing}"
notes,49d5a8a4-1f34-41be-b466-b788d880b821,{work:microsoft}
notes,e0b45dcc-6b5c-4fba-904c-3298f0eeda6c,{work:microsoft}
notes,ec29d9fa-b3b1-47da-87db-83e83c49399a,{}
notes,096ecace-ad5f-4bd1-9c2b-b8e3cd338e16,{work:microsoft}
notes,bceb5853-05ae-40ed-bd46-a8c116dcaeb9,"{health,divorce,work,growth,family}"
notes,b5a119db-51c3-4f31-a428-a03f025aeb87,"{faith,love,longing,prayer}"
notes,89220811-2e2b-45cb-856d-5e406e76a312,"{identity,creativity,vision,philosophy}"
notes,99dc913c-d14a-40d2-8efb-58456de8d84d,"{work,infrastructure,coding,tools}"
notes,bda4c9c2-fcb5-4e72-862f-9e9113c1222c,"{poetry,writing,frustration,art}"
notes,9126e37e-ca19-464e-bc50-f10f38009283,"{reflection,curiosity,happiness}"
notes,ae4f94ec-8c24-4c26-ad16-9931b71615c0,"{marriage,divorce,separation}"
notes,c2e4be6d-a65c-489f-a9be-28fa2ed9b25b,"{health,hearing,drinking,irritation}"
notes,c055b3a7-f33a-4d89-ad2d-a13e55099682,"{marriage,identity,self-reflection}"
notes,c8920da1-14ca-458d-80ed-9281cd0a9372,"{productivity,research,ideas}"
notes,d6cef8cc-4692-456a-90bd-2241c8acf4d6,"{technology,work,purpose,health}"
notes,4b83bfd9-bfc3-473d-bfce-752dd61224c0,"{work,marriage,career,health}"
notes,8d98c47a-ce4b-4727-89bc-a2f7d2bbbc98,"{marriage,divorce,narcissism,self-worth}"
notes,e4f8684f-9f86-4743-a16b-60ac606f0674,"{marriage,separation,sexuality,spirituality,finances}"
notes,a25f5c81-4516-482a-b983-9c80672c62d5,"{work,career,robotics,job-search}"
notes,433b41d1-3723-4279-b56b-a587178e803c,"{self-reflection,marriage,parenting,purpose}"
notes,13cb12cd-2ed5-4f43-ac41-474b858c2de6,"{marriage,therapy,conflict,divorce}"
notes,b101e29a-7457-4dd0-b633-8b3f80663d6f,"{marriage,divorce,boundaries,self-worth}"
notes,dea95d90-20fd-4165-8093-95003b186fa5,"{marriage,psychedelics,spirituality,family,compassion}"
notes,37115ca5-03a8-443a-b9c3-c7eeeb3a3edc,"{observation,presence,family}"
notes,3aab62e4-1f2e-46d6-837a-8d3e9896ce15,"{marriage,relationships,finances}"
notes,8c167848-b5e9-4668-bd91-70b621e5cc29,"{marriage,therapy,intimacy,fear}"
notes,dd9f9e76-c066-4371-b9af-3049683e51f5,"{marriage,therapy,intimacy,divorce}"
notes,47356aaf-0755-4d5d-8a7c-1d7e86050610,"{marriage,divorce,grief,self-reflection}"
notes,308e2955-3f1f-408e-85ad-ccf83838963d,"{marriage,parenting,divorce,family}"
notes,e4c3b08f-ddd5-484f-a906-6891e4e4d7de,"{fitness,therapy,marriage,health}"
notes,2ebafe00-6281-40a8-aa57-a39d38cffd4a,{therapy}
notes,9028593c-f210-48d9-8f8c-0d6e53fe5834,"{divorce,marriage,parenting,family,work}"
notes,65960c70-ff7f-4727-871d-2a680e2f4547,"{dreams,anxiety,control,spirituality}"
notes,4ac1421f-2ade-4127-aa57-c6851f54cb60,"{marriage,values,relationships,resentment}"
notes,6de1902c-d89a-41c3-81ed-55fbce48f0cd,"{family,faith,health}"
notes,0ef22b3c-a89e-49c6-880c-48992d5971eb,"{family,holidays,reconciliation}"
notes,39bd93ec-70c8-409b-9d5d-f648b9b2e2b6,"{marriage,divorce,family,relationships}"
notes,8989ea75-bdd8-44c7-80dd-51027ead229e,"{marriage,divorce,intimacy}"
notes,29ef925a-884f-4a09-9ff6-272c8dccc1e7,"{marriage,finances,divorce,conflict}"
notes,556ed844-be3d-4f78-a6eb-b6362bcbe19f,"{parenting,family}"
notes,9edbbf25-e60a-44d5-aa7c-4517f72c647b,"{work,annoyance,birthday}"
notes,4b229db5-3ddb-418f-8d1d-1a3459a7cba7,"{divorce,family,parenting,grief}"
notes,40e754ef-0654-4828-8313-a4e596545d9f,"{marriage,depression,faith,communication}"
notes,5a8c88a2-a035-4966-aaa3-ccd8985f8d19,"{dreams,marriage,sex,therapy}"
notes,a0a21f75-f5f2-488f-a2b7-9bc8a7d92571,"{philosophy,technology,purpose}"
notes,d8baf721-2a5a-40b2-9794-50420042d013,"{marriage,intimacy}"
notes,52ef2a86-921f-4c31-a814-7387ebe2e7f0,"{solitude,home,travel,future}"
notes,8262de96-5063-4243-bb10-add55b2c45b6,"{psychedelics,spirituality,ego,anxiety}"
notes,30dea839-27ff-4949-8ab1-e33216c97552,"{therapy,healing,self-worth,inner-child}"
notes,bd88a5fe-2103-45ab-b511-fca0a4731033,"{divorce,co-parenting,marriage,anger,parenting}"
notes,ec95b878-e621-4e1c-8983-bda8d4a4da10,"{marriage,relationships,attachment}"
notes,0170b3b6-9c12-4b41-a0dd-1f980e1eb1c0,"{relationships,dating,polyamory,fear}"
notes,d3957605-a9ce-4629-9114-a7384056cd8a,"{relationships,polyamory,autonomy}"
notes,83ff3d9e-bb28-4cbd-96ed-4338d3f71b20,"{relationships,polyamory,self-reflection,sexuality}"
notes,f585f95b-f4ef-41cb-aea1-1db0bc3c3fb1,"{divorce,dreams,family,father}"
notes,c5a53111-1599-49e7-86db-6f6b55eed907,"{marriage,divorce,relationships,polyamory}"
notes,16173882-7dd6-45e9-996d-aa99081ff70b,"{marriage,pain,suffering}"
notes,ccfa3405-fe84-407f-9426-42cb4f434c5b,"{marriage,intimacy,divorce,family,travel}"
notes,a86bd266-252f-41de-bcd2-ba4a952edff4,"{divorce,marriage,planning}"
notes,dd05c853-d91f-4d0c-b911-c3c6392ffc68,"{relationships,breakup,polyamory,grief,abandonment}"
notes,c11faa2d-5120-489f-b024-f10f49a7388b,"{relationships,boundaries,desire,compassion}"
notes,9eb1937f-e77a-4413-8173-9a72db99cc3e,"{dreams,belonging,identity,marriage}"
notes,76f5c2e8-dee1-465b-9e10-83888ff75bda,"{relationships,divorce,marriage,family,decision}"
notes,2625fa6c-245c-4349-88b8-2c2dbaae0e7b,"{healing,community,relationships,self-improvement}"
resources,2b6bce7d-bdc0-4d4c-a854-63e8a03437e8,{cstf}
notes,29c1e2a4-f9df-46d0-b91f-36dc2a61c936,"{heartbreak,insomnia,relationships,grief}"
notes,e0f7e727-4069-49ce-b1bd-ff089da0d8d3,"{jealousy,relationships,dating,anger}"
notes,8b761cd5-2a71-44d0-a983-58e6d0491404,"{breakup,relationships,loneliness,autonomy}"
notes,5e07155a-c94b-48f0-ba2a-28a4532fd889,"{social,friends,art,work}"
notes,d0526e2f-8962-41c4-8773-11c9249c40ae,"{relationships,polyamory,autonomy,self-reflection}"
notes,153faaad-1da0-4839-9961-718b00f2c63c,"{relationships,divorce,marriage,identity}"
notes,9f1933bb-6d2e-46f2-ba2b-04877cab4e0e,"{grief,longing,depression,relationships}"
notes,30439b89-3ff7-425c-9191-17923d43b33a,"{dating,sexuality,relationships,work,family}"
notes,23d45700-2bf3-48ab-95cb-f74bf89a4413,"{relationships,dating,waiting,self-love}"
notes,414914ba-9fbd-4a48-b80b-7dce502f0874,"{relationships,breakup,mental-health,dating,conflict}"
notes,d1a28946-7909-4ffb-bd8c-e22d5e364dfe,"{heartbreak,healing,relationships,letting-go}"
notes,a34ecfc4-1af5-46c7-accd-0dba7c16237d,"{marriage,relationships,therapy,grief,healing}"
notes,4e532438-f837-480d-86e9-341385919fc4,"{breakup,relationships,dating}"
notes,2ba8da4e-d42b-4d05-a1f3-ec885fb5a883,"{family,relationships,boredom}"
notes,2a6434cb-a653-4e7e-915e-b3a72e714b02,"{ai,dating,relationships}"
notes,4a940dab-10b6-4765-86c2-7cbc509d8685,"{relationships,communication,closure,breakup}"
notes,ad57fe92-e07f-4d28-bf4e-54bca10fef60,"{heartbreak,grief,depression,work,therapy}"
notes,1fa947a0-d50e-405e-887f-4f1eeeb7daca,{depression}
notes,2b066334-8ae3-4015-ad71-c618efbc48f5,"{relationships,marriage,love,grief}"
notes,c1821819-f973-43f5-b55f-e9c5836276e7,"{heartbreak,relationships,therapy,loneliness}"
notes,0cc03111-4a63-4be7-9977-04667cd811c8,"{inner-child,self-compassion,healing}"
notes,c6565851-9e46-4ce2-ae30-fa3ad028fc67,"{relationships,anxiety,therapy,reflection}"
notes,7f093e4d-1a87-4dff-aee5-047aca6b0e1b,"{smoking,heartbreak,emotions,self-discovery,recovery}"
notes,c5ef9844-a08a-4eed-828a-667a84d36fe9,"{relationships,grief,longing,depression,travel}"
notes,76583472-a27e-4974-91f8-9cf4c9f8b51b,"{travel,transition,technology,self-reflection}"
notes,c516e226-b969-44d3-a92c-ad69e1805f1c,"{dating,anxiety,self-reflection,addiction,health}"
notes,d9f1b415-c83f-4b2b-bd5a-40d4fef75993,"{relationships,breakup,grief,gratitude}"
notes,aea82867-37c8-44cf-95f7-8879d06cd5c3,"{relationships,dating,self-improvement,grief,work}"
notes,f42b72fd-fa60-4179-baa1-3417ed5350b6,"{boundaries,self-reflection,relationships,self-worth}"
notes,80e7c216-b1ca-44c0-9c46-b0cd709c264d,"{therapy,divorce,relationships}"
notes,eeb108c1-b244-47f3-a157-5f283a5e4296,"{dating,intimacy,relationships,self-reflection}"
notes,a800792f-238d-48df-ba58-f2b75bc117a5,"{reflection,love,self-worth,healing}"
notes,5f99fcbd-e04b-4b24-9eb5-f1de34c931ca,"{self-reflection,emotions,work,self-worth}"
notes,bcb214d2-607a-46b3-ad89-d694683540f7,"{life-lessons,relationships,love,self-reflection,dating}"
notes,2a36eb62-21e6-4984-83b2-e80ec28b2bd7,"{divorce,co-parenting,family,conflict}"
notes,6472a8fa-8cfd-4231-8917-c0982052edcf,"{divorce,parenting,family,marriage}"
notes,9d220e94-86d8-4842-b467-3ffc2f320ba2,"{divorce,grief,family,anger,marriage}"
notes,d63a1044-f30b-4e86-ac71-fb11dd192024,"{relationships,loneliness,grief,longing,self-reflection}"
notes,ecf4d481-0df2-47f9-9498-13354b1263d0,"{relationships,sex,shame,loneliness}"
notes,cae65575-bcb9-431f-90ab-5f7dfd4cb794,"{philosophy,self-reflection,impact,equanimity}"
notes,8d5b7941-ec8f-4ff3-a6ea-adfb1cde222a,"{therapy,self-worth,divorce,identity}"
notes,d29f3222-6fc1-4af0-8898-3eeb20e36c04,"{divorce,marriage,grief,faith,relationships}"
notes,0597f052-b630-40c6-bd34-4f6942e47d6c,"{grief,divorce,depression,parenting,guilt}"
notes,fa3b3533-d3b9-4010-aebd-74cf48d04a48,"{divorce,identity,reflection,anxiety}"
notes,f85bc180-fe80-425a-849b-e798c33488fc,"{boundaries,self-reflection,relationships,autonomy}"
notes,af350d1f-4dc1-4c98-8cb0-4cc06977eda4,"{therapy,inner-child,smoking}"
notes,e57ebbec-2171-441e-bb9e-ae8fef120e06,"{travel,camping,family,planning}"
notes,ed6ac985-4675-4fbd-b27e-7a4b70fd72b1,"{therapy,grief,independence,family}"
notes,afb55f12-ea1a-46dd-a6a1-f90243550794,"{therapy,divorce,self-worth}"
notes,bae98950-297e-4205-a053-fd0e4b1d12ae,"{divorce,marriage,philosophy,control}"
notes,88532d6e-f518-421d-8cab-328ddf6d4072,"{relationships,loneliness,dating,marriage}"
notes,c08bfb7e-2ddb-411e-b755-6dcf12b304d9,"{therapy,boundaries,relationships,divorce}"
notes,93bcd0ad-2a54-4741-a1d6-1482116fe96a,"{divorce,boundaries,therapy,relationships}"
notes,1f213061-cadb-465a-8445-0a9de9979f6f,"{relationship,self-care,parenting,reflection}"
notes,5416625e-58b5-481e-bcd0-55826f43d881,"{family,divorce,belonging,relationships}"
notes,963d0318-feba-4e8a-bed2-54f5479e9896,"{therapy,depression,parenting,health}"
notes,c38c394c-e13d-457f-a1c0-2e35d85daefe,"{projects,philosophy,learning,politics}"
notes,174d57e7-75f9-4a04-a845-d45554fe6f10,"{purpose,reflection,work}"
notes,444e288b-4eeb-460e-aabf-ff7a53708773,"{trial,justice,relief,freedom}"
notes,ffe71239-cd9c-44b0-8cc8-9f6e4e914ce5,"{family,co-parenting,holidays,relationships}"
notes,7c4cacf1-95b3-47ac-a606-bc93ea384ed5,"{work,health,depression,marriage}"
notes,b238279c-7f36-463b-aca3-a97eb54a7497,"{childhood,reflection,mental-health,marriage}"
notes,bba29a57-cc2f-46d8-a77a-36e2e2faf2bf,"{projects,work,technology}"
notes,2bee2771-4683-498c-98de-47a28867d396,"{family,divorce,co-parenting,leadership,boundaries}"
notes,346467d4-4595-4263-afb2-9d30a8c0b4ac,"{relationship,marriage,ambivalence}"
notes,0717366b-8411-41fd-984d-db97f276b1d9,"{family,parenting,marriage,work}"
notes,81d10c3c-fad9-42fd-8701-beacbb2b453e,"{work,anger,trust,capitalism}"
notes,448be0f5-cdd6-44cc-9581-1b4f217fbf18,"{anxiety,health,drinking,family}"
notes,92aa3d56-60d6-4ecf-ab04-9e84b441ae1e,"{marriage,family,reconciliation,relationships}"
notes,dbe7a7d0-4893-440c-a341-6d43fa91d103,"{divorce,family,grief,depression}"
notes,d2822c79-4b33-44bf-8c54-a8a17aab59ce,"{parenting,family,divorce,connection}"
notes,6ca79bac-b110-499e-b455-8decd1d80d23,"{therapy,relationships,boundaries,family}"
notes,be888635-6cf2-41ff-9eed-6015ed67b517,"{writing,feminism,philosophy,relationships}"
notes,eff68b83-8d9c-4046-a1bc-5d765001021f,"{therapy,self-care,routine}"
notes,7b3d9f25-6661-4edb-9401-1b44582a68bb,"{therapy,healing,divorce,shame}"
notes,b4a1d6bf-43d1-44e6-aa5a-04a0a04ee7a7,"{relationships,divorce,freedom,self-differentiation}"
notes,9bb114e2-1cf8-442c-9991-903820db1c74,"{divorce,family,parenting,marriage,grief}"
notes,e191d154-de21-4e96-87db-726d017db34d,"{family,parenting,birthday,love}"
notes,7f552f32-f24e-4f8d-9ee8-c5f072073110,"{family,parenting,art,divorce}"
notes,173fa812-b971-4052-8a6d-c552d9cd7dc8,"{work,infrastructure,coding,tools}"
notes,2db69812-0994-45c9-ade5-4e26b3e1ae3c,"{gratitude,relationships,work,intimacy}"
notes,3afd9ba9-d7d3-44f1-929d-cbd549256662,"{parenting,family,divorce}"
notes,140c64ce-3599-46ea-87af-dfd611ca2120,"{divorce,grief,marriage}"
notes,8fd3a5e9-3476-42d4-aa00-b740cca2f6c9,"{career,ambition,travel,self-reflection}"
notes,f33fa8c7-e62a-4cbf-9302-9451ef63bc3d,"{divorce,forgiveness,marriage,parenting}"
notes,ba818216-e38e-4a67-b561-f8a3bdb8a736,"{family,parenting,divorce,travel}"
notes,e227f638-02b6-4745-8f32-38c4a1976513,"{identity,marriage,depression,isolation}"
notes,e8e0814d-e4b7-4dec-8c7b-6ff951090d32,"{enlightenment,philosophy,spirituality,self-improvement}"
notes,4843a049-7376-4bd5-857b-4862b9d911f6,"{relationships,dating,anger,self-worth,polyamory}"
notes,f5abe9c1-0e40-4537-aefd-321c8ed832c4,"{relationships,desire,marriage,divorce}"
notes,ef2f58a6-2cf4-45bb-87a6-a40309f3d0aa,"{divorce,marriage,guilt,grief,relationships}"
notes,4ba3226b-f6b9-4da5-bdde-6c726d232624,"{parenting,family,divorce,holidays}"
notes,d83658cc-3d48-43dd-a02c-5b45a82fd655,"{agency,purpose,parenting,loneliness}"
notes,cd3acbc1-e030-4fd5-a5b5-8c5c8a00ac98,"{relationships,polyamory,autonomy,decision-making}"
notes,a2e90b2d-e3f1-4bd9-b429-660bdce2246b,"{divorce,loneliness,self-reflection}"
notes,239c3704-dbb3-49c0-9af8-cbb8fd1c8e18,"{family,conflict,society,marriage}"
notes,477415ec-d894-44ae-818a-cfad625ec37e,"{divorce,freedom,intimacy,relationships}"
notes,f2ca94c9-31ba-47c9-ab63-fa2aa1300c6e,"{divorce,co-parenting,reconciliation,family}"
notes,a373da59-1062-47d5-a4ca-639400d56d67,"{relationship,divorce,intimacy,marriage}"
notes,b8e73c7d-3651-42b2-a8ee-c1aadaacdcfa,"{divorce,marriage,guilt,reflection}"
notes,7b5778dd-88cc-4168-b57a-8c594729c344,"{relationships,dating,anxiety,depression,self-love}"
notes,4bb751fd-adf6-4d77-aa45-71b227377e9a,"{loneliness,relationships,grief,desire}"
notes,b51b3d1b-6bb9-46cb-8aa4-b5ff7dfc4b14,"{marriage,love,divorce,self-worth}"
notes,a5211969-4e9b-456e-92f2-172ac6789ab3,"{relationships,identity,healing,travel,grief}"
notes,fc88e494-91d5-4cfc-9c93-52502b32242e,"{relationships,travel,conflict}"
notes,b74f3459-7462-4772-ab3b-0ef855bcebff,"{relationships,divorce,desire,spirituality}"
notes,dec8398d-6319-43c4-93a1-ad4c4369d077,"{marriage,polyamory,autonomy,relationships}"
notes,a01bb289-a934-4b38-8a3f-280b51fd482a,"{dreams,subconscious,fear,anxiety}"
notes,fe182c00-cc82-4d24-a429-835ea586a78e,"{relationships,abandonment,anxiety,love}"
notes,54275402-b837-44ee-b3af-f436cad46538,"{relationships,divorce,desire,grief}"
notes,14230232-6246-4d13-9402-f77d794a6633,"{divorce,marriage,parenting,ecology}"
notes,67c2f099-be23-490a-a013-fdf36edbb0e3,"{marriage,depression,divorce,health,parenting}"
notes,a18ed685-8790-4099-9553-1c10d5fee665,"{work,research,hci,planning}"
notes,f4a905c6-ff10-40dd-a298-f5c022317915,"{research,machine-learning,tools}"
notes,c0874039-da61-4757-976f-39a2c84be946,"{divorce,marriage,guilt,self-care}"
notes,c214bd89-772e-4272-b350-1db7864875c5,"{parenting,family,honesty,faith}"
notes,6a0adab5-952c-4812-af51-c21e15b98d32,"{work,finances,faith,meditation}"
notes,09be3131-013c-4d08-91f6-eda85a542049,"{marriage,boundaries,autonomy,divorce}"
notes,c068187c-a185-443c-b6b8-acdac4e016c5,"{career,ambition,self-improvement,technology}"
notes,81bc1587-4f4b-42e2-8354-1d45d2f2a0c5,"{faith,self-reflection,mental-health}"
notes,0e8f0381-60b2-4a96-a89f-678dbd6bbde7,"{relationships,self-reflection,autonomy,purpose,marriage}"
notes,f22e01c8-b76b-4a45-ac73-fc300615096c,"{marriage,divorce,self-worth,identity}"
notes,f22a1d39-d38c-4edd-8897-883de91cc6f5,"{marriage,sexuality,faith,resentment,divorce}"
notes,d5e41376-7c14-4d33-a707-c356ce4cc11c,"{work,anxiety,identity,self-reflection,faith}"
notes,1e2c8906-d134-4ee2-a316-e3638f7abcfe,"{work,technology,research}"
notes,493f3aa8-0b39-4b40-a3ad-bfd852a1d63f,"{work,infrastructure,tools,planning}"
notes,9a577223-4b8f-4841-95df-6c7c4847b864,"{journaling,productivity,tools,planning}"
notes,79e31dd2-5164-4477-9b1c-54ead45bd94e,"{relationships,dating,divorce,sexuality,introspection}"
notes,1dd2f5dc-44e1-4ddd-9796-f944d94b4416,"{work,career,job-search,frustration}"
notes,fd05f91b-6c6b-4143-8ede-293dbc94b840,"{work,career}"
notes,7f3b5466-4a02-47fe-9db1-c104ce0e0f28,"{career,ambition,technology,identity,self-worth}"
notes,ed521555-1c72-4e2f-9ce1-02dd9918d0be,"{faith,learning,reflection}"
notes,eb1bc813-33d0-467b-9cf6-eeaf46719f2e,"{divorce,marriage,resentment,gender}"
notes,dce60163-f50c-4292-87b1-12f6db962af8,"{relationships,self-esteem,healing,exercise}"
notes,6dfefec7-0594-4361-b981-19574cc548ee,"{relationships,identity,self-reflection,depression}"
notes,cb70636e-ec71-4d04-8727-4d9674283c73,"{marriage,family,divorce,values}"
notes,745a11ee-c347-4af6-be91-6f31ac6db122,"{healing,integrity,self-love,relationships}"
notes,cf8633ad-34ba-49b9-9e53-714228088194,"{relationships,dating,divorce,family,boundaries}"
notes,a974fe51-e983-4ba5-9d85-99676bbb1d01,"{relationships,grief,healing,self-love,growth}"
resources,d278e494-8c7b-481c-85e3-85b0643fab6b,{work:microsoft}
resources,13a3acc5-3f45-48c3-9a33-3b8d735e2173,{work:microsoft}
resources,b6201bc2-310f-4456-9a92-d1472363d7c6,{work:microsoft}
resources,0b130fdb-5998-4d5d-8b74-8ce25e639592,{work:microsoft}
resources,e34d77cc-efbb-4f38-a089-ac475dba5ddc,{work:microsoft}
resources,f35befa2-2925-4e88-a5c4-4d27721b873f,{work:microsoft}
resources,74abab13-be71-4989-bdac-ed8f4d58437f,{work:microsoft}
resources,b2ffd91e-1e4f-473f-8a3c-5faaccd6ec1b,{work:microsoft}
resources,52d557a7-1bdc-40d9-bd9d-6f0dec44aca6,{work:microsoft}
resources,f0623868-4d59-4bc1-832b-045987645f44,{work:microsoft}
resources,c098e888-5b76-4df2-82d1-96cf1625c685,{work:microsoft}
resources,57cda67a-a0d2-4637-801d-43f28832ff2c,{work:microsoft}
resources,1da7c07f-6620-475d-8e47-01e28c0f7799,{work:microsoft}
resources,b0bd2d55-8d7c-4ea4-bebc-fb8167c8f8c1,{work:microsoft}
resources,046bb614-fe9d-44de-b762-ff09d7c3b42c,{work:microsoft}
resources,981d77ee-8588-40c4-9be6-38508685ab2b,{work:microsoft}
resources,193bc41d-5126-4e7d-bd66-1a06024fbc97,{work:microsoft}
resources,c4be5444-8b0f-44b8-9c3b-8c637f6480b3,{work:microsoft}
resources,249773e9-7979-4073-99b5-c1ef6ffcb40e,{work:microsoft}
resources,79fbc34c-3a33-4cd9-9ace-15c2ddd260c5,{work:microsoft}
resources,ea481c47-571a-4ef7-9112-391f4a0446b4,{work:microsoft}
resources,4a6b8967-4733-4ea1-b201-3b5c99e0b642,{work:microsoft}
resources,d1128dae-594a-4470-8508-e265189516d5,{work:microsoft}
resources,ec57ec99-aecc-4330-9777-2a164dd43615,{work:microsoft}
resources,b3cd701f-e2d4-4aa5-b12d-46c4e999cd05,{reading}
resources,9a54ee5a-cd2a-49bc-bce7-2eca6f8b6df2,{reading}
resources,bab0444a-24ff-4b94-949a-177bc034871b,"{reading,wild-cloud}"
resources,5c08049a-bc1c-4410-91c7-f13b7d825e93,{reading}
resources,f3892b15-8f4a-4133-9fe3-6ab938771801,{reading}
resources,fd1c6b8b-7fe5-4ae2-b0c3-49c45535499f,"{reading,work:microsoft}"
resources,fe8a3826-edc1-4e44-9480-fd89b6cc81e8,{reading}
resources,2f16eee7-6b25-4a41-8305-f45a02582890,{reading}
resources,d1983e9c-4ba5-4356-9bb6-5764ca906078,{wild-cloud}
resources,5fe940bc-3bed-426c-9c26-7b18bb62ef3c,"{reading,wild-cloud}"
resources,6dd12b17-d929-47b7-8ef8-bd93b7f49819,"{reading,wild-cloud}"
resources,79cc0d2d-5e36-41d9-9cd7-db37ac883dd1,{cstf}
resources,ca1fa9ae-1b8e-471b-b5e1-408402d593a5,{cstf}
resources,f1c84ba3-0f68-48ab-979b-7d15773cc87b,{reading}
resources,dcb40405-af66-4a92-bc2a-655dd8dc7cec,{wild-cloud}
resources,ec27bba4-661a-4e81-9cde-202c9669f1d1,{reading}
resources,b3b6cff6-a4a2-4322-98ca-69f1b736fd00,{reading}
resources,71928bf8-c620-48c4-acfb-dedad34c73f0,{cstf}
resources,53154ec4-0c38-4365-bf68-9aa4f215a5b8,{cstf}
resources,759d6fba-3420-4451-a380-f688303114f0,{reading}
resources,e6087f51-9750-4411-b70a-59a544680210,{wild-cloud}
resources,d27870d5-110f-44d4-8957-0624f75c3045,{reading}
resources,00b4000f-9e6d-4f5c-939f-a902508c72af,{work:microsoft}
resources,5c9ee50f-3075-477f-8a19-7a187dd056f3,{reading}
resources,6ef39c08-8a3c-4418-af17-e4ac1e79ce55,{reading}
resources,61c986b6-a8aa-40fe-8629-b4f13af8b25a,{reading}
resources,e6e23ff5-bc68-4568-9773-4141f0c25652,{work:microsoft}
resources,7756ed74-c5d5-4cf3-b126-eb38b3041301,{reading}
resources,c5b4415e-ee80-46c0-bf88-b7f97fecb137,{reading}
resources,176bf1c3-8ba1-4698-ab13-c7a2cd303842,{reading}
resources,1c1a270e-6a13-479f-a286-4620cd89d75b,{cstf}
resources,b7ebefb3-57dc-4c99-bcd4-097e894547dc,{wild-cloud}
resources,5a3c5baa-3176-4b7f-9c72-c6ef304cf5e8,{reading}
resources,c0f757ff-de9e-4dca-867b-9b73121a6699,{reading}
resources,82492b15-b9ee-4093-bb2a-861e257fad08,{cstf}
resources,31967b12-682e-43c6-9fdf-a5ecd2c9571b,{cstf}
resources,e345d5ad-fb8d-49bb-955e-a83ed80830c7,{cstf}
resources,0875048c-26e2-49ca-b3f3-395a1ceaa732,{cstf}
resources,36668e7c-bdb0-4f0b-8736-76a54eb979ae,"{cstf,wild-cloud}"
resources,c6912d98-c9c7-4694-a112-5d5d4e0600ba,{cstf}
resources,a3a690ec-cf66-4934-be97-80c53a19cab4,{cstf}
resources,994f0c48-831a-4272-9e96-18ac0793ca9f,{cstf}
resources,d78b851c-3d60-4235-881e-63ce56f290a2,{cstf}
resources,a7a460a2-e1a2-492d-bc6f-5ec753c0ab07,{cstf}
resources,101d6897-91e0-467f-9f0a-b2a94a7ecc1f,{cstf}
