id,entry_date
39f17f6d-7c5e-4804-b019-9f3fff5fcb4f,2026-07-17
e01838d8-2bd1-4131-bb72-707d5a105721,2026-07-17
7cd03610-f2b2-4fa6-b66e-0aaa8b436d45,2026-07-17
df2b3eda-9b8f-4cba-b579-83789b528e6d,2026-07-17
dd96d18f-6304-4f28-9219-52dba2886dae,2026-07-17
8970ea53-02c2-4f98-957e-95b5a5dcba90,2026-07-17
607d1310-f008-4ca4-a5f5-88b1036bb560,2026-07-17
9a2bd7fb-bc2b-4f4a-8a6a-c4424eda6c21,2026-07-17
3a0b533e-6313-47a1-baa6-aff8903f8395,2026-07-17
9b26a1ca-fe15-48e5-aaf5-df103b5d5b2b,2026-07-17
9c7af5bd-228d-496c-8408-43323f99dd60,2026-07-17
687ea6a4-4d80-4ac2-96d0-fda3418e0a46,2026-07-17
7c254148-7765-482a-b04b-5ca8c3e13fc3,2026-07-17
2936eec3-aedf-4f10-bf56-aefd3a639871,2026-07-17
492ee91f-6fb9-4307-b443-f44b05565f35,2026-07-17
e932e0f6-c512-4fca-93a8-37d0ffebc66c,2026-07-17
8f40f26e-afe1-4583-9d6a-8615b70498d3,2026-07-17
01a13f1f-136e-483d-80f6-4e72475d8594,2026-07-17
fad43344-7aa9-41f5-8ba3-fb7dd3def394,2026-07-17
aa37b0f4-4399-42ec-af36-5c0cffa43fab,2026-07-17
f7227b70-e0b2-440b-a4f6-79ffe95e5272,2026-07-17
58f6a3b3-c10e-424d-be89-f62524810e57,2026-07-17
a8dbec41-cd7c-4a11-a277-249d18daa208,2026-07-17
452db32d-2e6d-459f-94f2-b401fa78573e,2026-07-17
e94b2733-c7f9-4954-a730-48a973b406fd,2026-07-17
907e5026-a8a3-4a57-b2b2-043af1239cce,2026-07-17
983b53ab-f00d-4f98-942a-00becb4cd0e9,2026-07-17
42b981e5-018e-46f6-8a15-ba9948a83640,2026-07-17
89134191-4358-4600-bc16-94bd41e0bdd0,2026-07-17
b819268f-85cb-4e7c-8e2d-5c766e2813d6,2026-07-17
1bf25bc4-1718-4e90-bd4a-cbe543d163bf,2026-07-17
30ca78c1-9c05-43ce-bd4b-912e1466c001,2026-07-17
9c627598-970c-4356-abeb-b943c7863427,2026-07-17
92e847e9-d41a-41ad-8cea-c59014aa1418,2026-07-17
5f1418eb-96f8-4381-a2c2-266ee85c5d50,2026-07-17
b8a18d4f-c4cb-432c-8077-5aa2e19dd309,2026-07-17
47a4335d-bad2-432a-ae5c-26b202f9ae9c,2026-07-17
3dced3fa-8da3-4e8d-8e53-57e2aa57600f,2026-07-17
7cad6b4f-acc9-45ab-bc4b-61499af2e8a7,2026-07-17
7ca6375c-af64-4b7a-8ec7-f1df9fe11f01,2026-07-17
1df35bc6-d88c-4638-93ac-d274bea56d79,2026-07-17
6871142f-516e-48ad-a7f8-9c8d7d1af1f2,2026-07-17
6a3efe86-95e1-4539-bb80-63e56c84799a,2026-07-17
949a27d6-72d3-47d9-a873-e6b45de0b04b,2026-07-17
d68c6f22-9387-4269-978e-b95491ecd29e,2026-07-17
abae1455-9f1b-4968-b3b6-2161deb9fcd1,2026-07-17
d4f0a22a-0134-4a11-a690-e346210d5cc2,2026-07-17
53677f1f-3e06-4f75-8356-e280e127b1af,2026-07-17
1da053f7-b9ab-4e8e-aa56-8f4552aeede0,2026-07-17
8763af32-d6bb-44cb-a732-556eb19abb7d,2026-07-17
322873b3-9377-40bc-8fa8-9bd0ba2087d9,2026-07-17
ac9f7940-c40f-49f3-ad95-cd2a7ca297b6,2026-07-17
d98a2916-61c6-4900-b70d-030e7fcce8e4,2026-07-17
e6819403-49ac-488f-b3ac-1cffc92b9d3c,2026-07-17
bd0ea0fb-f27b-48bf-82dc-5ccfa7f0ba14,2026-07-17
b1e48fe2-b250-445d-962a-727cbc205c60,2026-07-17
27827627-1de8-45e4-8fd7-f5896ead2b12,2026-07-17
ec49e6c4-5dd3-4526-a897-fbedaadcc26b,2026-07-17
2aaf424c-1fd9-432d-a007-67394de17a4b,2026-07-17
10427c66-db35-4d21-beda-88419b1e7e34,2026-07-17
c5c33601-13c9-4d8a-a659-7022980cb58c,2026-07-17
4d8097cd-12c7-45c8-af95-60b44ad2dc33,2026-07-17
f561a86d-afc5-4cf4-bbc8-712b2f298250,2026-07-17
ee1e2c15-7c0b-4f03-9b55-6a4b5440da36,2026-07-17
38f39a2e-c3c9-42fa-8197-7a58f075bfc1,2026-07-17
adb5297e-a0ef-4a30-aa1c-6548bb5ea2e7,2026-07-17
fb1841d9-bec2-4f6f-9196-dc36860b2ed7,2026-07-17
9c807135-2e48-4f13-8065-658aae1bb75f,2026-07-17
e57a0c04-dfbd-4bd3-9b3f-36ca62fef0ef,2026-07-17
3c3c6333-1d14-4e78-a068-988e8138794f,2026-07-17
c77d7281-275b-4e1e-a7a1-38c04848c5e7,2026-07-17
9911a775-a594-458c-9666-ffaddffa5ecc,2026-07-17
c754012d-a22a-44cd-8e0a-8a4db5d75e5d,2026-07-17
fbc54012-2ceb-4760-800c-f866a22cda18,2026-07-17
dae6bd8f-f5ff-4626-a955-43495727e74c,2026-07-17
7fa5dcf0-dc9a-424b-b899-e832da7dd4da,2026-07-17
c7f661e2-4b1d-4407-84fd-5a737d512559,2026-07-17
e533c289-3bd9-4793-8ef6-f30cca15a125,2026-07-17
23595ae5-8763-456e-862c-725871e3f85a,2026-07-17
853dab71-f79e-4317-a05e-9e1eb2e62ab9,2026-07-17
26e32dde-e034-4302-a99f-b2757e0bc37f,2026-07-17
1e99ef65-c857-40a3-815c-48bcd0448e45,2026-07-17
a8a32d10-4ac1-47a8-b747-730b772c2e9f,2026-07-17
63dcbc78-52ec-4732-8dd7-77b6dc6ba604,2026-07-17
cf526ad5-f90e-41dd-9179-56cfbd82c20c,2026-07-17
62bd360c-cb62-4e16-aedf-abf543fb14fd,2026-07-17
5fe8f774-4e4f-4b19-ba80-1c0d2fdef7e7,2026-07-17
9934ec8d-139f-4d53-9ba1-926b8914ad27,2026-07-17
cde74468-2ffc-4c4a-b78b-025e9629a6a1,2026-07-17
0eee8c0f-aebd-46db-96b4-98b65535f390,2026-07-17
fa6389b9-2974-4773-a9c9-3f840b43831f,2026-07-17
4b173def-b518-4a63-8401-00348b80b297,2026-07-17
aecae834-2f5b-49a2-8831-0c15ae5935a7,2026-07-17
dc697b22-70ee-4c72-bda0-00d25e46688c,2026-07-17
4f516e51-4ae4-4b8b-856d-22e7f96ee954,2026-07-17
22fad0a7-43d2-4b29-a8cd-9f17248ed6f3,2026-07-17
1bc32dae-92cf-4cf5-ba60-f5a8434bbe70,2026-07-17
5fa1a114-36b9-48e7-ae07-d75c1560c27b,2026-07-17
bf28d616-f2dc-441b-b0a4-fcd4753352ca,2026-07-17
cfc6517f-95d9-472e-9cad-66b6f82991f2,2026-07-17
4014bc3e-574d-4efd-bd43-2852652b831c,2026-07-17
8db4d2d8-4645-4724-b753-de18c98f8777,2026-07-17
4f10cddb-0411-4c80-b87e-ff2634c6b624,2026-07-17
05857f82-9003-4e9a-a2b4-c0aa333c02a4,2026-07-17
d0ad3bb7-0fb9-47b7-934d-71c3a38fbb1f,2026-07-17
4c0be5c5-8c3c-4663-9321-752e8c71f8a7,2026-07-17
36635b45-8f90-4897-ab85-47d0463c2a35,2026-07-17
64c2b007-df65-487b-a3bd-57199560c9a2,2026-07-17
6149ef99-d43d-469e-a303-f0b758186729,2026-07-17
7a7fe9e5-3b22-42a0-9567-3eb84eff1a72,2026-07-17
efaabd9c-1b57-4574-a77a-ad9d6ad7100d,2026-07-17
94556512-99f1-4d33-9c99-452ac434802d,2026-07-17
78acd701-2427-48d0-bd8e-6fd80f5936b4,2026-07-17
04a65d38-9900-4cef-9fc5-34b57a93b006,2026-07-17
67a58073-2374-4c66-bdf1-35e244c44e8e,2026-07-17
442e148b-0a5e-4485-82a4-d5b249f1121b,2026-07-17
3c4911cb-9d38-43ca-bde6-0c01044f1dc4,2026-07-17
665298a6-9fa5-46de-b3ec-8c0e0388a965,2026-07-17
31e27d01-51ca-4780-b98b-d6761fe4f230,2026-07-17
e1013d17-d4e3-452e-8bf7-71640607b83a,2026-07-17
76322e60-2d5f-4068-9f4e-6816e18047de,2026-07-17
02e87649-71f0-4c67-9bb4-fc3bb0e40901,2026-07-17
69435cd5-2e31-4268-897f-86565d3de79f,2026-07-17
537eb7a8-5204-4083-a6cc-e9059c186042,2026-07-17
a18d8435-f668-4885-a90e-54de1ff207e1,2026-07-17
3a55bc91-6029-411c-85f7-0813f3462781,2026-07-17
dd338f88-ee53-439e-bc32-f75576a4ede9,2026-07-17
6a3aaa9e-2d24-4c75-a088-56f9e76d29ed,2026-07-17
b5a6127d-88f5-47b3-949c-40b07bfef5fa,2026-07-17
0b3dc93f-a6f8-45d4-b279-426ad3a2a4f6,2026-07-17
cdad3403-b984-4746-bcc8-af1957b93290,2026-07-17
dfb18d12-255a-428b-846c-28390288effa,2026-07-17
13edbc0b-cfb1-408d-a512-1e561d87cf1f,2026-07-17
f7946611-cdab-48c7-9d87-1dc653a0c5a7,2026-07-17
ea50561f-a16c-46dd-8992-113f599d8273,2026-07-17
145a0382-5b16-4e9a-9a47-0d21fb8bfb35,2026-07-17
69c70482-9e80-40be-8394-186a90d7ff46,2026-07-17
80664130-a589-4c39-bace-09f410b2bf3b,2026-07-17
079ee413-dfa5-48bc-b08b-76cb7342c710,2026-07-17
24f66899-913d-4bea-8844-743bb7e44132,2026-07-17
27da8439-1176-408e-8a7a-0fa1747d7de8,2026-07-17
596957b8-769d-4ec1-bffa-7da644faa9cb,2026-07-17
6df37931-3e6f-4333-8eca-d6b9843f8c6c,2026-07-17
88e63f23-cbe0-4361-8108-0ba2b01e911e,2026-07-17
bb668a56-1b0c-4220-a063-3329ace99ac9,2026-07-17
44f241b6-09a4-4155-ae79-c95aa11528d7,2026-07-17
0e8a1486-47a5-4b5a-b39c-0cd4033aca71,2026-07-17
625b405c-da03-4c59-bd9e-3d4688d95181,2026-07-17
f1a320dd-af76-44c3-b027-fdea28241d89,2026-07-17
04d515f3-188c-4621-a550-51e5c5617dfd,2026-07-17
1cfa2fc2-0902-4eda-b569-6fd46ff265c6,2026-07-17
2e56a799-9fb0-47c2-9b56-952debcf3540,2026-07-17
143b663d-f5af-4dbb-bc28-bbe3fa77e459,2026-07-17
9a0aafe1-4acb-4eab-a53c-939d15dc5937,2026-07-17
5ca40aa0-8c6b-40a8-add5-a9a40b17b4aa,2026-07-17
0b679913-07c7-43d1-9bcd-765eabf2464a,2026-07-17
4f445f64-e406-493e-952e-f20c3dce4a9e,2026-07-17
c1451333-10d7-4135-af82-79777a23fb5e,2026-07-17
c85767b7-0b81-4e54-9952-30338bf17807,2026-07-17
47fce3fd-f646-4daa-94c1-4130dad3cf38,2026-07-17
3ac77cd7-549b-4404-8cd8-713797650220,2026-07-17
5469c179-c09c-40b9-aadd-60b4a281fb49,2026-07-17
226587ef-7c1e-46a2-899c-34169cdd59e2,2026-07-17
85480755-572b-463f-8e81-b500d4b2be0d,2026-07-17
42d4603f-6361-4696-83a3-3fd65b2f7137,2026-07-17
14db5eca-9429-4047-bde3-8187f9fd2939,2026-07-17
e5aa92c4-9aa3-4699-af7a-e5f3c7a2bd20,2026-07-17
38ab4670-d316-4899-b3cc-33e66ec2d9a3,2026-07-17
71fd63b8-a23c-42fe-be59-ac1acae296bd,2026-07-17
fb519ed0-8b9f-43da-8d08-2e7b3c0cd76d,2026-07-17
4d4b8063-c7e3-4cc1-bbba-7700516e5359,2026-07-17
727ae698-7407-4e14-b600-743ee1d4206a,2026-07-17
541fd951-c382-4a35-8be4-7e811f3b0073,2026-07-17
65274d8b-fdc6-42c8-becb-291d4f422785,2026-07-17
dd98e0c9-b78f-4c16-928f-964801610329,2026-07-17
b9baa755-d0d9-428c-a34f-e343909edf63,2026-07-17
5e9ca29b-ecd0-48f0-8d79-b3c290dd91b2,2026-07-17
8c65cc76-d23c-481c-8f47-06a8303ebf9e,2026-07-17
acd89fc2-9dcc-4f82-a444-663dea52efaf,2026-07-17
f3d722e1-cded-4c75-b294-44c3c9e34a08,2026-07-17
43211a84-1f26-4916-85ad-2cd2ebeb9248,2026-07-17
38e932fc-97ee-4a3f-aac0-23eba84db22c,2026-07-17
58237716-deb8-400a-a000-5cf6a5976266,2026-07-17
8fde7a93-b6c8-49b5-91ee-da518f3b8762,2026-07-17
ef4d986d-781b-4c17-bbeb-103cfa674dcb,2026-07-17
0d9b5f3f-fad6-447e-acc2-5a26c4b66a3a,2026-07-17
7d84bee5-9276-45be-b197-4f6ab10b8468,2026-07-17
b1e35712-e72e-4555-81c6-802a27b2258a,2026-07-17
0501eee5-b509-4fb5-955a-c937f85b7ff0,2026-07-17
46990a58-128c-4a49-8a4c-a32c281f133e,2026-07-17
16a99235-829d-4819-85ef-46d68957492a,2026-07-17
0163f1bb-6c4a-4d32-84ec-f841eb31e570,2026-07-17
6e0a5f9a-afcc-4451-a469-c8415a8d54dd,2026-07-17
aedbf9ca-8968-439b-a36c-40108dd27c73,2026-07-17
eeaa44c4-f53b-41af-8082-d92929866811,2026-07-17
0f0d305c-08d6-4574-ae86-83e25394c8ad,2026-07-17
e52ebc6e-a0cc-43c4-85f6-1b802caf894a,2026-07-17
10477ed6-6fb4-4483-bfd6-8e6e3db5c06e,2026-07-17
dd0f2558-9c0c-4869-bb17-d544555f710b,2026-07-17
35435b63-5837-4e1b-9150-e0ed7d7d92e7,2026-07-17
a59e0781-e30d-494f-9dbc-1221d5ccc352,2026-07-17
5e8dee68-185c-4348-9224-f7c5cd1ee1b3,2026-07-17
d69e024a-fd41-4e24-a6be-4da3fea81bee,2026-07-17
ac336c02-6955-409a-b28a-30144ed1ba1d,2026-07-17
e0a4d750-4b0f-4454-b84c-5ad521415bcc,2026-07-17
507bdc55-da3c-4b0d-995b-584e1d6edfd9,2026-07-17
103d17b8-2886-4d74-b4fb-bfdbf4c3a20a,2026-07-17
59d51fda-8303-49dd-960c-5e97d5b4de75,2026-07-17
70cc84bc-08ec-4056-878c-1fad933bc7c5,2026-07-17
fcae0aa8-45fe-4df4-bf56-184ed97a03ac,2026-07-17
0239a9d3-2885-455c-95f2-5fa52311a4d5,2026-07-17
0e3494ca-8102-45f0-8db6-93affb7d60c4,2026-07-17
cc742a7e-ae26-4d5a-86a5-f69c9a85ed3e,2026-07-17
ffc89a92-9b72-4611-91f8-8ba9e145f062,2026-07-17
517e600e-6ec6-4db8-b9f2-0567798b98b4,2026-07-17
1cd0562d-fc04-452c-8a6c-e591881306d6,2026-07-17
fa632b3e-0300-4b3d-a022-e7d11ab34f96,2026-07-17
eec30103-2782-43b6-8f5b-6f7212e66c8b,2026-07-17
2bffdfe1-b05d-49ca-821e-d0adc6301dba,2026-07-17
8508ded3-dd95-44f0-9994-1814d7008323,2026-07-17
e287e3ee-6066-490f-8760-097570572508,2026-07-17
3935e0e6-2ff4-41d5-96e9-f205bbf563b0,2026-07-17
51ea57e8-2d3e-4d60-a38a-b6ac108e0ab0,2026-07-17
227770ae-5da9-4773-9c0f-00d1923339a1,2026-07-17
a9b77aa6-ef3c-410f-b1e6-14c341d3a438,2026-07-17
c71ffd10-f6dc-45ed-a215-29a986fd8cd8,2026-07-17
f8415846-9548-4159-8016-7068011bc68f,2026-07-17
52ca9389-8ad7-44f9-b435-d1d4b6c54b67,2026-07-17
fcc84fd5-0743-4d11-8b35-b5acb8a43bb3,2026-07-17
14f39c3d-6a8a-4f8e-8912-4c89cda5a2ca,2026-07-17
dcacba55-8185-4500-8c1b-29c389445fe8,2026-07-17
a28a1070-31a0-4ad5-a6a1-d89b0508da1b,2026-07-17
eddfb044-ff8b-4f35-847d-1cf7a1d477cd,2026-07-17
24abbd5b-f516-45be-a23e-f591ed146507,2026-07-17
d3fd3514-f879-479a-9339-34a7e99eed59,2026-07-17
3286cba6-4341-4394-a1d9-71d84db8f1e1,2026-07-17
dac39649-9652-434b-90a0-3be4939363c3,2026-07-17
80371dbc-07d7-45e1-b554-6f0305e080ff,2026-07-17
4215cc0e-3c8b-442b-87ad-305341501a48,2026-07-17
d1d63e57-2ee7-4ef3-bd5e-fdff22c12a5d,2026-07-17
f8f84db3-3643-4db4-a48c-94d438b2057e,2026-07-17
c0e1503c-491e-4b48-a5b4-c736d565f1ec,2026-07-17
d8113e80-9f46-4763-ba89-10bf1f2ea767,2026-07-17
35b062ec-8382-4a03-833d-6a207f060085,2026-07-17
f53943cc-2d5c-4bac-bd28-fb3f6f8728e9,2026-07-17
a55f2957-6456-4c14-900d-52c876ed82d6,2026-07-17
62ba0ab0-7dae-4312-acfa-88ef448cd4af,2026-07-17
06ad4bbf-2c33-40e7-9cf5-eefd44b65ef2,2026-07-17
74d1138a-9172-4948-b2b5-f11bc48de382,2026-07-17
cf87d10e-636f-40c5-a066-a4672654c713,2026-07-17
0b52dbcb-8dd0-495e-b173-fdf1a6d526b9,2026-07-17
b431c827-9e6b-4918-a611-cd9aa8ebf8d6,2026-07-17
67375729-8555-4733-95a0-a0ffd7bba266,2026-07-17
cc9ba215-a3cb-4925-9a3f-f9e83e524058,2026-07-17
e8aafe25-467e-4c05-991f-2ec23887a817,2026-07-17
d08fe12c-f156-4e06-919e-f8bb884075e0,2026-07-17
954f6faf-9695-42f1-854b-9983362ad007,2026-07-17
b7ebda80-bf44-4bd7-8f36-6b3cc38f7021,2026-07-17
2b01fb38-8098-4659-a150-63a4cf03ef1e,2026-07-17
de3aed34-0585-4381-9f49-6c86681cd501,2026-07-17
7507154d-4c05-4fde-b97a-6a1c1a3f7e74,2026-07-17
4d0e144f-d391-4915-8fe5-ddd7f5c242ac,2026-07-17
ad90f33a-a05b-43a1-b41b-afad88508749,2026-07-17
37acdb27-6884-43c5-bce2-7516f2da4dd4,2026-07-17
75b6b9e5-9692-4ebf-90bc-de15c1b90a05,2026-07-17
025fb4a4-f340-438a-8c01-ab60e89b35c2,2026-07-17
2d6e925c-4a43-49d5-addd-230b9edfbf55,2026-07-17
fd58738d-8cd4-41d8-a598-6abf689e7c68,2026-07-17
f510b4e9-89b8-4dbe-bd83-1fb0809a93a3,2026-07-17
786e101e-3747-4140-af4b-778abb6612fd,2026-07-17
86328d6d-f3b1-4c25-a2ac-a9e6ad5bc43d,2026-07-17
78d0946f-8ef9-476d-89b5-7460a060cb9f,2026-07-17
b6ba6391-ec95-4eca-8d7e-f2ecff928e2f,2026-07-17
2cead630-54ce-401d-b758-eb73f168df62,2026-07-17
c15ca031-06bd-4a02-966f-fe2bafe6fc95,2026-07-17
a301ea83-6933-448f-a7ee-4c7b26d43c52,2026-07-17
cf2248e2-fa88-4550-96e4-f51c12d053ca,2026-07-17
c59e513b-aace-444a-8ca5-0bb562238ad3,2026-07-17
fd8288bd-fd75-43d1-84e8-95ac7beda6eb,2026-07-17
caa1bc7b-d0b7-48d9-a2be-5600b3f9548a,2026-07-17
ade82fb4-898f-4236-863c-6a0d23390344,2026-07-17
9bbd5bfc-e193-49a0-997c-3523a67660ea,2026-07-17
dc97a87c-0974-4e99-bfce-df989cce7cdc,2026-07-17
6d0920f0-5f84-436d-9edc-3ae840916dfc,2026-07-17
ae9c3a3e-1afa-4c13-8f96-2c1b53f530eb,2026-07-17
124275e3-d89e-4038-b113-05d7bff4c1ad,2026-07-17
f6328355-d7a9-49b6-8006-186cd987926f,2026-07-17
d6f18cda-a74f-4a2a-880c-5b2d1c624938,2026-07-17
1f29e538-4337-4991-8aa9-016820737d82,2026-07-17
62ec90b1-48c6-411e-ac23-e86670faef78,2026-07-17
0e69b7d4-b80e-4b3e-af36-ac9470667e28,2026-07-17
4cb43666-3835-4597-a5ec-d405a3c16f55,2026-07-17
7310b0ac-aac8-4233-8d7e-b415c30b00ef,2026-07-17
3a3fc487-73c2-4beb-a1bb-64780a2d45f3,2026-07-17
a58857ba-f350-49d0-881e-aa944e8780dd,2026-07-17
f9610dae-4bdd-41d9-8519-9a2c8224d6d7,2026-07-17
e6ba8739-663f-4e84-9d06-de09fb665355,2026-07-17
5d00f814-2247-434f-8023-cf3a3f3ada24,2026-07-17
6d50919e-9b01-4170-91a7-df7434122207,2026-07-17
dcfba0b5-b14f-40fc-b768-aea244e921cd,2026-07-17
8371daea-b062-46c2-9711-904052210d73,2026-07-17
1ea13a06-2edf-487b-9d0b-ca9f06af76f8,2026-07-17
68dc44fb-6208-4d23-b36d-c243dd4d21bf,2026-07-17
6289e594-1829-4ecd-8302-8816ba90d9fe,2026-07-17
6850eeda-4ac4-4626-b56c-303160852af2,2026-07-17
f89cd915-072d-4ce4-8e0f-14ccb4536fa7,2026-07-17
2d53dd8a-a114-4d9a-b894-abb3af3fcc50,2026-07-17
97916c1a-9ffe-4113-912c-3060caf64f5e,2026-07-17
852cbd8a-a566-4e27-97fd-10bc2bab53ff,2026-07-17
3c52209e-9c21-47f8-8f2c-fd6ddace69dc,2026-07-17
a9d43377-1b43-418b-8c1e-e0e0a95cfb27,2026-07-17
40761c82-d290-48fe-8178-7e82c97607f8,2026-07-17
76ede6b8-2cd4-40f6-b136-3c11605d857b,2026-07-17
2ba3dc8e-806a-46c8-8667-6434bbc4a118,2026-07-17
88489de8-c39f-4d33-8adf-b3c4f225bbd0,2026-07-17
5bb48d05-55f2-429c-9d90-94d56301946e,2026-07-17
95dd1ac2-3a25-4415-9d45-a4d8f20e1d92,2026-07-17
b1a054db-a5c0-4b77-b8ed-d1c44f18bb6a,2026-07-17
063aa65e-06c0-46ab-b3fd-d701ef7d1cc1,2026-07-17
5c79d958-f2d1-4e17-adf7-7adf7b2ce066,2026-07-17
2983713c-2108-44cb-a534-53e3b95dcf44,2026-07-17
e57e5339-c336-44d5-b865-e12a92cbe5ea,2026-07-17
e5bd9877-7cb6-4595-b72a-2bd2dcc1425e,2026-07-17
8f7c0bfd-f593-4b6b-83a5-2c3fdc5a8af5,2026-07-17
347dbe4c-cbf1-4de1-962b-7c485794976b,2026-07-17
7ef061f0-8dd5-4315-986b-8c1330759eab,2026-07-17
dd300cca-4197-4330-9999-08bccbf78a41,2026-07-17
27bec3b6-7f79-4448-af9e-fa4bcbcf3656,2026-07-17
58776eba-eb9f-47bf-a961-b671029e3b21,2026-07-17
6429db04-86ff-489e-8226-de137fb037f1,2026-07-17
27433bd7-42f6-434b-bc8f-fddd90cb9ade,2026-07-17
e1fd743c-fb7f-47fc-bf26-81c8892a0bee,2026-07-17
95f63709-c19d-4e26-9c2e-6c28dfc1ec72,2026-07-17
299d9dbb-1f26-49bc-bb58-459d7fcff1a8,2026-07-17
04be4a74-f4d2-4d39-9a0d-0859e399846e,2026-07-17
a467922e-9123-4256-86ab-1ff38c9cb552,2026-07-17
c40fa571-413e-40fd-a2f4-49334dde0274,2026-07-17
73a29ac4-0820-4827-ae03-c58d485ee0f2,2026-07-17
3ee787eb-f1db-49cb-9139-727cd44fdddd,2026-07-17
ebfca110-8266-44d4-9104-e1535a96ed5b,2026-07-17
cc8a7746-5b78-4cc0-b7bf-e79861c151f1,2026-07-17
c3e23e9c-edaf-466e-9576-4c333beec7b3,2026-07-17
f2d1d169-bcc7-4bbc-9f6a-d0a43ca84b4f,2026-07-17
6797afaf-29e8-4bec-8a57-5e277a80f975,2026-07-17
77327e5b-fdc9-4c6e-86c7-481a7499ca80,2026-07-17
3f782829-66cb-484e-bd13-afd2349f2474,2026-07-17
7568f457-2a17-4ade-bcc6-b149a0495585,2026-07-17
d0040769-0039-4a9d-81da-9c4821b84ef4,2026-07-17
80b32443-c8a0-445a-aa68-eb6692dba269,2026-07-17
fc90b91b-c744-4d41-bece-3d408eda2cb3,2026-07-17
bb44f83f-3e87-4751-b413-53774354c2a3,2026-07-17
42d7e76d-20d4-4cc4-b1cd-fb7582c94e89,2026-07-17
93c97166-090f-42b7-b4bb-7b58c0105d77,2026-07-17
f8729ac4-c210-417a-b56c-34b602432c19,2026-07-17
591d9ad4-a08d-4c36-995e-5f3455387b5a,2026-07-17
6670bef3-69a0-4574-81e4-b9ae34a441df,2026-07-17
78617836-8fe4-4d2b-aa74-47d169eb2ca6,2026-07-17
e1706d64-ff17-40fa-936f-53bd57962177,2026-07-17
48e7b5d0-11a6-4dff-86a1-0c15d1aa5f99,2026-07-17
bc94b918-aafe-4a07-af65-94783e2ecc68,2026-07-17
5aa4d78d-b2d9-4a0a-b4dc-8893a5fbcd64,2026-07-17
a940038a-5f80-4db8-a836-e05b5bd7ba6e,2026-07-17
009dbe9f-11e9-4a14-ad33-79392a83f76a,2026-07-17
79f1bddf-f805-4ddd-a676-fe3f047010d0,2026-07-17
3a0f8e0f-8dcc-4119-8e41-b9b47b73943b,2026-07-17
5ccce057-57e2-4f66-9006-c5b21bb7223e,2026-07-17
d6fe4785-6b5c-4b71-8cdb-13c927454fcf,2026-07-17
f3d51b29-e616-4344-9e9c-64e90e950ae9,2026-07-17
badc8143-6eb0-40c2-8c71-1c4e6e542147,2026-07-17
4613b268-53ff-41e8-9156-c4093cbb67a4,2026-07-17
d80927d7-121a-45fb-8259-441f8b9fb3dd,2026-07-17
1def8301-3744-4c11-b245-f03feee25885,2026-07-17
bbbcfdf8-62cd-4d60-b73a-0989c7521cdf,2026-07-17
1228702a-26d3-4ebc-8e06-87cc03201cc4,2026-07-17
468fdc18-cd5c-4d3f-bb8f-db3506d40d9c,2026-07-17
b8fc3660-4d5e-4465-b674-8c1887cb6eba,2026-07-17
46686723-5122-43b6-9591-32c1d2afe5b9,2026-07-17
bd4c0700-6063-48a3-8950-f3a7d413eb98,2026-07-17
f357380d-553c-47dc-a018-4f2527c291bb,2026-07-17
dee8f985-7d17-40a3-ae0e-49dc181d5759,2026-07-17
02a4fd5d-a3c2-47dd-886d-3c59275eb414,2026-07-17
48dde409-57de-4cd5-9890-b40106141326,2026-07-17
06707c7a-0e0c-4626-b192-fae640349063,2026-07-17
022c1193-085c-4a9c-a864-2d760f1f7455,2026-07-17
f5b8ba49-f998-4fff-bd9f-b67d10215978,2026-07-17
ebea4604-08e2-4f56-ab0d-1c9d06095e9d,2026-07-17
2807192a-2f7e-4a37-9ef1-9080a31e91cc,2026-07-17
97053aea-8137-4d41-905a-b10824a41477,2026-07-17
