note_id,target_type,target_id
79e31dd2-5164-4477-9b1c-54ead45bd94e,person,11bd1888-7d7a-4e9a-885e-5b520d6e707a
79e31dd2-5164-4477-9b1c-54ead45bd94e,person,520138a2-a693-433f-ab2d-0fbe191ece6a
79e31dd2-5164-4477-9b1c-54ead45bd94e,person,79ed28f0-e91e-42aa-99a2-3d50bbaab49c
2dc98719-9d2c-4478-8bf1-04f1326e78b6,organization,4ae25353-5ebb-4725-936a-84b5eb4684e4
2dc98719-9d2c-4478-8bf1-04f1326e78b6,project,9dd68fa2-8f12-47a3-9c7b-6b74c0bf9992
762877dc-9f54-4ccf-a225-1b3893ab2f40,person,79ed28f0-e91e-42aa-99a2-3d50bbaab49c
762877dc-9f54-4ccf-a225-1b3893ab2f40,organization,c1f0f2bd-fc1e-4a83-9ebd-e85c88e0d72f
762877dc-9f54-4ccf-a225-1b3893ab2f40,location,817b7b25-c6eb-40e3-82d7-1f1a8ec954df
762877dc-9f54-4ccf-a225-1b3893ab2f40,person,72a05873-c2c7-4de6-b5e2-ae6c2abcf2d3
762877dc-9f54-4ccf-a225-1b3893ab2f40,person,40f1bbfa-f375-4a65-84d9-1290fd02a3c7
762877dc-9f54-4ccf-a225-1b3893ab2f40,organization,1a057d38-38a4-4f7b-9747-10d8496f2e4b
cf8633ad-34ba-49b9-9e53-714228088194,location,5a38de52-3d39-4a27-b825-1851fe49a643
79e31dd2-5164-4477-9b1c-54ead45bd94e,location,84de30d0-ae79-4e79-bd91-580a67a56ce9
84388c3e-5f96-41b1-a1fe-d85eb1b4fb2e,person,d52e9454-21e6-44ed-bae7-66d750ccb17b
86ef5ce3-9c4b-4b31-8454-6935efb88ba7,project,9dd68fa2-8f12-47a3-9c7b-6b74c0bf9992
86ef5ce3-9c4b-4b31-8454-6935efb88ba7,project,79287625-ebda-433d-af86-cab2dd5b8277
86ef5ce3-9c4b-4b31-8454-6935efb88ba7,project,d5f8fb75-ba6d-4a26-9795-0b42c1a139fb
86ef5ce3-9c4b-4b31-8454-6935efb88ba7,area,57e87863-7ee7-410d-b25d-096c29474fbd
431bdb99-ced4-4e08-8710-09d1466d9d05,project,a384618f-96c6-4ad0-ae79-6f43ec54f2b5
431bdb99-ced4-4e08-8710-09d1466d9d05,project,9dd68fa2-8f12-47a3-9c7b-6b74c0bf9992
431bdb99-ced4-4e08-8710-09d1466d9d05,organization,4ae25353-5ebb-4725-936a-84b5eb4684e4
431bdb99-ced4-4e08-8710-09d1466d9d05,project,79287625-ebda-433d-af86-cab2dd5b8277
431bdb99-ced4-4e08-8710-09d1466d9d05,project,d5f8fb75-ba6d-4a26-9795-0b42c1a139fb
431bdb99-ced4-4e08-8710-09d1466d9d05,person,6f790c53-9404-4b7e-86de-4498a071899d
61d278c4-9c8b-4e34-aa47-24dde3872c9d,project,a384618f-96c6-4ad0-ae79-6f43ec54f2b5
61d278c4-9c8b-4e34-aa47-24dde3872c9d,project,9dd68fa2-8f12-47a3-9c7b-6b74c0bf9992
61d278c4-9c8b-4e34-aa47-24dde3872c9d,organization,4ae25353-5ebb-4725-936a-84b5eb4684e4
61d278c4-9c8b-4e34-aa47-24dde3872c9d,project,79287625-ebda-433d-af86-cab2dd5b8277
61d278c4-9c8b-4e34-aa47-24dde3872c9d,project,d5f8fb75-ba6d-4a26-9795-0b42c1a139fb
61d278c4-9c8b-4e34-aa47-24dde3872c9d,person,6f790c53-9404-4b7e-86de-4498a071899d
c580f163-790a-43d8-99a1-4dcf3d3c9360,project,9dd68fa2-8f12-47a3-9c7b-6b74c0bf9992
c580f163-790a-43d8-99a1-4dcf3d3c9360,project,79287625-ebda-433d-af86-cab2dd5b8277
c580f163-790a-43d8-99a1-4dcf3d3c9360,project,d5f8fb75-ba6d-4a26-9795-0b42c1a139fb
c580f163-790a-43d8-99a1-4dcf3d3c9360,person,6f790c53-9404-4b7e-86de-4498a071899d
c580f163-790a-43d8-99a1-4dcf3d3c9360,area,57e87863-7ee7-410d-b25d-096c29474fbd
c580f163-790a-43d8-99a1-4dcf3d3c9360,person,d52e9454-21e6-44ed-bae7-66d750ccb17b
41506e99-f54c-4adf-81b0-e7114bf92574,project,9dd68fa2-8f12-47a3-9c7b-6b74c0bf9992
41506e99-f54c-4adf-81b0-e7114bf92574,organization,4ae25353-5ebb-4725-936a-84b5eb4684e4
41506e99-f54c-4adf-81b0-e7114bf92574,project,d5f8fb75-ba6d-4a26-9795-0b42c1a139fb
41506e99-f54c-4adf-81b0-e7114bf92574,person,6f790c53-9404-4b7e-86de-4498a071899d
41506e99-f54c-4adf-81b0-e7114bf92574,area,57e87863-7ee7-410d-b25d-096c29474fbd
41506e99-f54c-4adf-81b0-e7114bf92574,person,d52e9454-21e6-44ed-bae7-66d750ccb17b
0d9897b7-8b80-4f4f-a04e-b920ee51c9e4,project,d5f8fb75-ba6d-4a26-9795-0b42c1a139fb
0d9897b7-8b80-4f4f-a04e-b920ee51c9e4,person,6f790c53-9404-4b7e-86de-4498a071899d
0d9897b7-8b80-4f4f-a04e-b920ee51c9e4,project,9dd68fa2-8f12-47a3-9c7b-6b74c0bf9992
29d924cc-25d0-47de-87ae-d37461eca7ed,project,d5f8fb75-ba6d-4a26-9795-0b42c1a139fb
29d924cc-25d0-47de-87ae-d37461eca7ed,person,d52e9454-21e6-44ed-bae7-66d750ccb17b
22a77d82-32b4-469d-a3a0-988228da66fe,project,9dd68fa2-8f12-47a3-9c7b-6b74c0bf9992
22a77d82-32b4-469d-a3a0-988228da66fe,organization,4ae25353-5ebb-4725-936a-84b5eb4684e4
22a77d82-32b4-469d-a3a0-988228da66fe,project,d5f8fb75-ba6d-4a26-9795-0b42c1a139fb
fd12a5d5-6756-457f-ac4c-a5ebaf3ea4b2,project,9dd68fa2-8f12-47a3-9c7b-6b74c0bf9992
fa7c7eed-c44a-4525-90ab-add91433db8a,project,9dd68fa2-8f12-47a3-9c7b-6b74c0bf9992
fa7c7eed-c44a-4525-90ab-add91433db8a,organization,4ae25353-5ebb-4725-936a-84b5eb4684e4
341af73a-94a8-4783-a392-7d1c049e3c71,project,9dd68fa2-8f12-47a3-9c7b-6b74c0bf9992
341af73a-94a8-4783-a392-7d1c049e3c71,person,6f790c53-9404-4b7e-86de-4498a071899d
82d44438-0476-449e-9abb-16baa78fad17,project,9dd68fa2-8f12-47a3-9c7b-6b74c0bf9992
82d44438-0476-449e-9abb-16baa78fad17,project,79287625-ebda-433d-af86-cab2dd5b8277
82d44438-0476-449e-9abb-16baa78fad17,project,d5f8fb75-ba6d-4a26-9795-0b42c1a139fb
08d615b8-333d-4566-87ae-e088256e575a,project,9dd68fa2-8f12-47a3-9c7b-6b74c0bf9992
08d615b8-333d-4566-87ae-e088256e575a,person,d52e9454-21e6-44ed-bae7-66d750ccb17b
bf970f35-1852-4398-894b-a0c4f7bffc09,project,9dd68fa2-8f12-47a3-9c7b-6b74c0bf9992
bf970f35-1852-4398-894b-a0c4f7bffc09,organization,4ae25353-5ebb-4725-936a-84b5eb4684e4
bf970f35-1852-4398-894b-a0c4f7bffc09,project,79287625-ebda-433d-af86-cab2dd5b8277
bf970f35-1852-4398-894b-a0c4f7bffc09,project,d5f8fb75-ba6d-4a26-9795-0b42c1a139fb
bf970f35-1852-4398-894b-a0c4f7bffc09,person,6f790c53-9404-4b7e-86de-4498a071899d
bf970f35-1852-4398-894b-a0c4f7bffc09,area,57e87863-7ee7-410d-b25d-096c29474fbd
d2329c34-77ac-4ee6-b395-04e1e547008c,person,3ab92b91-66ac-4831-9cad-8f35956fe14f
d2329c34-77ac-4ee6-b395-04e1e547008c,person,a264af57-31c2-47d8-abb3-5e9a4068cda8
e0397856-9aac-4836-8350-05c26b64411d,person,be69bae2-96ff-4595-92a6-a831c8bec010
b64a0c53-d1c3-4dc2-bc11-d3367f151bdc,person,2b816c21-7e06-42c0-927a-eec579c07b18
49e45a80-254a-4c60-bc30-da0d5020bcd9,person,8bebb50c-a8ad-4a18-8b1d-7c206c3862c3
49e45a80-254a-4c60-bc30-da0d5020bcd9,organization,577d2b89-6e7b-4358-83ef-0199ba45cfd8
eb0c4490-2199-4c9f-be34-c339f7c70afd,person,c49bb86b-c6bc-4ce7-9e81-2669cb92b86a
eb0c4490-2199-4c9f-be34-c339f7c70afd,organization,8723960e-cfaa-4274-b973-a3802156c2d1
9f5601d4-2d9f-41b5-ae8c-f96d5b22e6a8,person,c49bb86b-c6bc-4ce7-9e81-2669cb92b86a
db2d7217-3f9f-4227-8543-457e09e2ce74,person,8bebb50c-a8ad-4a18-8b1d-7c206c3862c3
db2d7217-3f9f-4227-8543-457e09e2ce74,organization,577d2b89-6e7b-4358-83ef-0199ba45cfd8
5bccec43-a9e8-4e59-8479-bbebeacc78f3,person,c9cd8f57-ac96-4cca-b918-899055a83140
5bccec43-a9e8-4e59-8479-bbebeacc78f3,organization,41813e87-9d9e-4411-a13a-6ee5fea6a02b
2490e9b2-844a-418f-9d14-16304a29d60a,person,57c2b063-355e-4b5b-9b9d-bf1cd03b5ce7
79bafa2d-534b-454a-9bb0-11b2dde7c282,person,c9cd8f57-ac96-4cca-b918-899055a83140
79bafa2d-534b-454a-9bb0-11b2dde7c282,organization,41813e87-9d9e-4411-a13a-6ee5fea6a02b
d405d18b-9e4b-46be-bb4b-7fb5a98b779d,organization,f27105de-4e75-4520-a6f5-a1d902a55169
fbe07ad9-efe6-4c69-b1c9-da7d2a94acb7,person,26dc4c7b-033b-40f6-90a2-7cfcc96046a5
fbe07ad9-efe6-4c69-b1c9-da7d2a94acb7,organization,e110c692-5159-4ed8-bee5-2f991a5a7ba7
8cecfca8-73d7-4dba-9f5d-dd07d398a253,person,57c2b063-355e-4b5b-9b9d-bf1cd03b5ce7
ce969384-b435-47b1-b30c-9e44a16fc612,project,ea68d9fd-278f-4908-a2b3-81c97de756da
ce969384-b435-47b1-b30c-9e44a16fc612,organization,4ae25353-5ebb-4725-936a-84b5eb4684e4
ce969384-b435-47b1-b30c-9e44a16fc612,project,79287625-ebda-433d-af86-cab2dd5b8277
ce969384-b435-47b1-b30c-9e44a16fc612,project,d5f8fb75-ba6d-4a26-9795-0b42c1a139fb
ce969384-b435-47b1-b30c-9e44a16fc612,person,6f790c53-9404-4b7e-86de-4498a071899d
ce969384-b435-47b1-b30c-9e44a16fc612,person,80352a40-7fd6-4037-902a-497ec4015e71
eb5d3287-cb75-4c80-8c06-0d8dbce2242e,person,34707135-7117-4e40-9b02-15fe3f31d448
eb5d3287-cb75-4c80-8c06-0d8dbce2242e,organization,cc8e91b0-1f49-471c-a4e2-98aa41f1113c
5f33b423-6865-4705-8419-9221d2adb5a1,person,c49bb86b-c6bc-4ce7-9e81-2669cb92b86a
f4000533-d3b1-4d89-b12d-4264a64a2590,project,79287625-ebda-433d-af86-cab2dd5b8277
f4000533-d3b1-4d89-b12d-4264a64a2590,project,d5f8fb75-ba6d-4a26-9795-0b42c1a139fb
f4000533-d3b1-4d89-b12d-4264a64a2590,person,6f790c53-9404-4b7e-86de-4498a071899d
f4000533-d3b1-4d89-b12d-4264a64a2590,area,57e87863-7ee7-410d-b25d-096c29474fbd
a7c323aa-83ad-4be2-b819-88daff22acee,project,d5f8fb75-ba6d-4a26-9795-0b42c1a139fb
a7c323aa-83ad-4be2-b819-88daff22acee,project,9dd68fa2-8f12-47a3-9c7b-6b74c0bf9992
a7c323aa-83ad-4be2-b819-88daff22acee,area,57e87863-7ee7-410d-b25d-096c29474fbd
618fa3ce-0000-4892-932f-870c00554e9c,person,a7b76dfc-363e-4f7e-baa2-7d098e14a81c
5f33b423-6865-4705-8419-9221d2adb5a1,organization,8723960e-cfaa-4274-b973-a3802156c2d1
8f336676-cadd-437b-841e-2e7b8fd78d6e,person,c9cd8f57-ac96-4cca-b918-899055a83140
d813631f-7684-472b-bf49-a364a0a4e56e,person,34707135-7117-4e40-9b02-15fe3f31d448
d813631f-7684-472b-bf49-a364a0a4e56e,organization,cc8e91b0-1f49-471c-a4e2-98aa41f1113c
8309b98c-387b-4841-8369-a2a62e8c15da,project,d5f8fb75-ba6d-4a26-9795-0b42c1a139fb
8309b98c-387b-4841-8369-a2a62e8c15da,person,d52e9454-21e6-44ed-bae7-66d750ccb17b
88812984-a5f9-44bc-85d4-678cc2f8b765,project,3b2274e9-4c58-4ec0-8d69-31f0679b2787
88812984-a5f9-44bc-85d4-678cc2f8b765,project,79287625-ebda-433d-af86-cab2dd5b8277
88812984-a5f9-44bc-85d4-678cc2f8b765,project,d5f8fb75-ba6d-4a26-9795-0b42c1a139fb
88812984-a5f9-44bc-85d4-678cc2f8b765,person,6f790c53-9404-4b7e-86de-4498a071899d
88812984-a5f9-44bc-85d4-678cc2f8b765,area,57e87863-7ee7-410d-b25d-096c29474fbd
fb654fd8-0f81-483f-84d6-2fdf5f215108,person,eae345a4-fbc0-40d6-9384-0e6f60e13e1c
fb654fd8-0f81-483f-84d6-2fdf5f215108,organization,a959115d-7463-4d24-a504-7a64e8d8fdf6
dfc29308-2048-4d98-98a0-12643ee86338,person,824c3d7a-0f48-4185-9f91-71295f6a295d
dfc29308-2048-4d98-98a0-12643ee86338,organization,a959115d-7463-4d24-a504-7a64e8d8fdf6
449d649b-c612-4865-8708-c9a5b5a0d42d,person,a9de22cd-3a30-48a6-a4a0-e7c200cd78d5
449d649b-c612-4865-8708-c9a5b5a0d42d,organization,a959115d-7463-4d24-a504-7a64e8d8fdf6
ecfa8afb-15d7-4e66-9af3-d6fa7d01d2fc,person,7e288622-2f0b-49a2-8baf-44915e18e022
a9929de2-0318-4f1e-b6ff-1794ca637d67,project,3b2274e9-4c58-4ec0-8d69-31f0679b2787
a9929de2-0318-4f1e-b6ff-1794ca637d67,person,6f790c53-9404-4b7e-86de-4498a071899d
a9929de2-0318-4f1e-b6ff-1794ca637d67,person,d52e9454-21e6-44ed-bae7-66d750ccb17b
ecfa8afb-15d7-4e66-9af3-d6fa7d01d2fc,organization,1f63ddd5-21e1-4a62-93f3-f5ff54fc69fe
e1d81cf7-bc57-4edd-91f2-c103b1c0eed8,person,0e620102-cea9-4000-ba8a-a802f46f31d1
e1d81cf7-bc57-4edd-91f2-c103b1c0eed8,organization,d4e67850-fac2-404b-8a5a-e63f3f734fdd
aa121c0c-8ffb-4e80-85fa-ec3b66a2b7a5,person,0e620102-cea9-4000-ba8a-a802f46f31d1
aa121c0c-8ffb-4e80-85fa-ec3b66a2b7a5,organization,d4e67850-fac2-404b-8a5a-e63f3f734fdd
13ed0083-ebce-4ae4-949d-319df4d9b393,person,824c3d7a-0f48-4185-9f91-71295f6a295d
13ed0083-ebce-4ae4-949d-319df4d9b393,organization,a959115d-7463-4d24-a504-7a64e8d8fdf6
7412aec0-25da-4859-8432-8765108dcdf1,person,6f790c53-9404-4b7e-86de-4498a071899d
7412aec0-25da-4859-8432-8765108dcdf1,person,d52e9454-21e6-44ed-bae7-66d750ccb17b
2dfa61e8-b9be-440a-bc70-e76989917493,person,824c3d7a-0f48-4185-9f91-71295f6a295d
2dfa61e8-b9be-440a-bc70-e76989917493,organization,a959115d-7463-4d24-a504-7a64e8d8fdf6
e8ce080d-44ed-4576-b9a6-85dfe83ba658,person,824c3d7a-0f48-4185-9f91-71295f6a295d
e8ce080d-44ed-4576-b9a6-85dfe83ba658,organization,a959115d-7463-4d24-a504-7a64e8d8fdf6
086d3ad9-1594-42a4-8c8c-12f67a011b3d,person,eae345a4-fbc0-40d6-9384-0e6f60e13e1c
086d3ad9-1594-42a4-8c8c-12f67a011b3d,organization,a959115d-7463-4d24-a504-7a64e8d8fdf6
adec20e2-e855-47bc-96d1-a6f53fc014ff,person,a9de22cd-3a30-48a6-a4a0-e7c200cd78d5
adec20e2-e855-47bc-96d1-a6f53fc014ff,organization,a959115d-7463-4d24-a504-7a64e8d8fdf6
d204e1aa-77b9-46f5-8d70-7513448a1696,person,34707135-7117-4e40-9b02-15fe3f31d448
d204e1aa-77b9-46f5-8d70-7513448a1696,organization,cc8e91b0-1f49-471c-a4e2-98aa41f1113c
ad691ea3-db97-49df-a166-4e53132ff5af,project,e6fb2aaf-733f-4b77-8123-d214b90fa238
ad691ea3-db97-49df-a166-4e53132ff5af,area,57e87863-7ee7-410d-b25d-096c29474fbd
1bc7a314-85f5-4ac2-b401-3cd579dbea44,project,d5f8fb75-ba6d-4a26-9795-0b42c1a139fb
1bc7a314-85f5-4ac2-b401-3cd579dbea44,project,ea68d9fd-278f-4908-a2b3-81c97de756da
e012874a-0783-4538-b7ed-e4b37dfcc3cb,project,ea68d9fd-278f-4908-a2b3-81c97de756da
2e3fecc2-df06-478a-b3e6-c0c8e3d75540,organization,4ae25353-5ebb-4725-936a-84b5eb4684e4
2e3fecc2-df06-478a-b3e6-c0c8e3d75540,project,ea68d9fd-278f-4908-a2b3-81c97de756da
5d2844ba-8018-4ed5-a83f-f61f7a4cd106,project,79287625-ebda-433d-af86-cab2dd5b8277
5d2844ba-8018-4ed5-a83f-f61f7a4cd106,project,ea68d9fd-278f-4908-a2b3-81c97de756da
6b40505b-2037-49ad-b487-9cb1c77f0f4a,project,d5f8fb75-ba6d-4a26-9795-0b42c1a139fb
9b0c7b28-49ad-4964-b961-b425f2014764,project,79287625-ebda-433d-af86-cab2dd5b8277
9b0c7b28-49ad-4964-b961-b425f2014764,project,d5f8fb75-ba6d-4a26-9795-0b42c1a139fb
9b0c7b28-49ad-4964-b961-b425f2014764,person,6f790c53-9404-4b7e-86de-4498a071899d
9b0c7b28-49ad-4964-b961-b425f2014764,area,57e87863-7ee7-410d-b25d-096c29474fbd
9b0c7b28-49ad-4964-b961-b425f2014764,person,d52e9454-21e6-44ed-bae7-66d750ccb17b
c25f2004-cb65-4f3a-a5d2-29923f85c1f8,person,79ed28f0-e91e-42aa-99a2-3d50bbaab49c
c25f2004-cb65-4f3a-a5d2-29923f85c1f8,person,be69bae2-96ff-4595-92a6-a831c8bec010
c25f2004-cb65-4f3a-a5d2-29923f85c1f8,person,11bd1888-7d7a-4e9a-885e-5b520d6e707a
c25f2004-cb65-4f3a-a5d2-29923f85c1f8,person,40f1bbfa-f375-4a65-84d9-1290fd02a3c7
c25f2004-cb65-4f3a-a5d2-29923f85c1f8,person,72a05873-c2c7-4de6-b5e2-ae6c2abcf2d3
c25f2004-cb65-4f3a-a5d2-29923f85c1f8,person,059c7d9a-358e-483a-a9a3-4dce5820c47a
c25f2004-cb65-4f3a-a5d2-29923f85c1f8,organization,4ae25353-5ebb-4725-936a-84b5eb4684e4
c25f2004-cb65-4f3a-a5d2-29923f85c1f8,person,6f790c53-9404-4b7e-86de-4498a071899d
e818b63c-e745-4376-8413-cd29a9eff6bb,project,79287625-ebda-433d-af86-cab2dd5b8277
e818b63c-e745-4376-8413-cd29a9eff6bb,project,d5f8fb75-ba6d-4a26-9795-0b42c1a139fb
e818b63c-e745-4376-8413-cd29a9eff6bb,person,80352a40-7fd6-4037-902a-497ec4015e71
e818b63c-e745-4376-8413-cd29a9eff6bb,area,57e87863-7ee7-410d-b25d-096c29474fbd
c99ba9ab-cd3e-4778-a731-76d85f2ede4d,project,d5f8fb75-ba6d-4a26-9795-0b42c1a139fb
c99ba9ab-cd3e-4778-a731-76d85f2ede4d,person,6f790c53-9404-4b7e-86de-4498a071899d
c99ba9ab-cd3e-4778-a731-76d85f2ede4d,person,80352a40-7fd6-4037-902a-497ec4015e71
a799fd5f-c0e0-45d7-8239-31562fa078a0,project,ea68d9fd-278f-4908-a2b3-81c97de756da
a799fd5f-c0e0-45d7-8239-31562fa078a0,project,79287625-ebda-433d-af86-cab2dd5b8277
a799fd5f-c0e0-45d7-8239-31562fa078a0,project,d5f8fb75-ba6d-4a26-9795-0b42c1a139fb
a799fd5f-c0e0-45d7-8239-31562fa078a0,person,6f790c53-9404-4b7e-86de-4498a071899d
a799fd5f-c0e0-45d7-8239-31562fa078a0,person,a7b76dfc-363e-4f7e-baa2-7d098e14a81c
a799fd5f-c0e0-45d7-8239-31562fa078a0,area,57e87863-7ee7-410d-b25d-096c29474fbd
bc8a756f-b3d1-4426-84c9-63682726318f,project,3b2274e9-4c58-4ec0-8d69-31f0679b2787
bc8a756f-b3d1-4426-84c9-63682726318f,person,a7b76dfc-363e-4f7e-baa2-7d098e14a81c
bc8a756f-b3d1-4426-84c9-63682726318f,person,d52e9454-21e6-44ed-bae7-66d750ccb17b
4546fc8a-1fc9-4407-b3e5-294917a70749,project,3b2274e9-4c58-4ec0-8d69-31f0679b2787
4546fc8a-1fc9-4407-b3e5-294917a70749,project,79287625-ebda-433d-af86-cab2dd5b8277
4546fc8a-1fc9-4407-b3e5-294917a70749,project,d5f8fb75-ba6d-4a26-9795-0b42c1a139fb
4546fc8a-1fc9-4407-b3e5-294917a70749,area,57e87863-7ee7-410d-b25d-096c29474fbd
dac6fb4a-2e7f-4cea-8f0a-f5cafbac3074,project,79287625-ebda-433d-af86-cab2dd5b8277
dac6fb4a-2e7f-4cea-8f0a-f5cafbac3074,project,d5f8fb75-ba6d-4a26-9795-0b42c1a139fb
99a804d4-2ca1-4520-8fd4-e3f3054701d2,project,e6fb2aaf-733f-4b77-8123-d214b90fa238
99a804d4-2ca1-4520-8fd4-e3f3054701d2,project,79287625-ebda-433d-af86-cab2dd5b8277
99a804d4-2ca1-4520-8fd4-e3f3054701d2,project,d5f8fb75-ba6d-4a26-9795-0b42c1a139fb
99a804d4-2ca1-4520-8fd4-e3f3054701d2,area,57e87863-7ee7-410d-b25d-096c29474fbd
0b1707fe-199b-496d-8b41-36319d7c79ea,project,79287625-ebda-433d-af86-cab2dd5b8277
0b1707fe-199b-496d-8b41-36319d7c79ea,project,d5f8fb75-ba6d-4a26-9795-0b42c1a139fb
0b1707fe-199b-496d-8b41-36319d7c79ea,person,d52e9454-21e6-44ed-bae7-66d750ccb17b
f0fd9302-632a-4948-8cfd-e04e6c19c34c,person,d52e9454-21e6-44ed-bae7-66d750ccb17b
8edf65f4-417a-47f8-bf24-6c11cfa5a145,project,e6fb2aaf-733f-4b77-8123-d214b90fa238
8edf65f4-417a-47f8-bf24-6c11cfa5a145,project,ea68d9fd-278f-4908-a2b3-81c97de756da
8edf65f4-417a-47f8-bf24-6c11cfa5a145,person,d52e9454-21e6-44ed-bae7-66d750ccb17b
a80dbb05-39f9-45f4-b75e-b5c321a1a93b,organization,4ae25353-5ebb-4725-936a-84b5eb4684e4
a80dbb05-39f9-45f4-b75e-b5c321a1a93b,project,d5f8fb75-ba6d-4a26-9795-0b42c1a139fb
a80dbb05-39f9-45f4-b75e-b5c321a1a93b,person,6f790c53-9404-4b7e-86de-4498a071899d
a80dbb05-39f9-45f4-b75e-b5c321a1a93b,person,d52e9454-21e6-44ed-bae7-66d750ccb17b
bd7d1330-eb90-4240-9ab7-0a37bdfd4dbd,project,d5f8fb75-ba6d-4a26-9795-0b42c1a139fb
bd7d1330-eb90-4240-9ab7-0a37bdfd4dbd,project,ea68d9fd-278f-4908-a2b3-81c97de756da
1229d92c-5378-47c8-80e2-de1aeae02bbf,project,d5f8fb75-ba6d-4a26-9795-0b42c1a139fb
1229d92c-5378-47c8-80e2-de1aeae02bbf,project,ea68d9fd-278f-4908-a2b3-81c97de756da
fcfe80bd-467a-4073-bb6c-ebd61f5e77e7,person,d084056a-deab-4333-83e4-056086aff3bb
fcf3bc2d-9472-49e4-989c-4a4180631dca,project,ea68d9fd-278f-4908-a2b3-81c97de756da
fcf3bc2d-9472-49e4-989c-4a4180631dca,project,d5f8fb75-ba6d-4a26-9795-0b42c1a139fb
fcf3bc2d-9472-49e4-989c-4a4180631dca,person,6f790c53-9404-4b7e-86de-4498a071899d
f15ed702-5a74-4f45-ab76-6ec9fde8f5f9,project,ea68d9fd-278f-4908-a2b3-81c97de756da
f15ed702-5a74-4f45-ab76-6ec9fde8f5f9,project,d5f8fb75-ba6d-4a26-9795-0b42c1a139fb
f15ed702-5a74-4f45-ab76-6ec9fde8f5f9,area,57e87863-7ee7-410d-b25d-096c29474fbd
4056b24f-171c-4b54-8cf7-9e997276821a,project,a384618f-96c6-4ad0-ae79-6f43ec54f2b5
4056b24f-171c-4b54-8cf7-9e997276821a,project,ea68d9fd-278f-4908-a2b3-81c97de756da
4056b24f-171c-4b54-8cf7-9e997276821a,project,79287625-ebda-433d-af86-cab2dd5b8277
4056b24f-171c-4b54-8cf7-9e997276821a,project,d5f8fb75-ba6d-4a26-9795-0b42c1a139fb
4056b24f-171c-4b54-8cf7-9e997276821a,person,6f790c53-9404-4b7e-86de-4498a071899d
4056b24f-171c-4b54-8cf7-9e997276821a,area,57e87863-7ee7-410d-b25d-096c29474fbd
3ac99fb3-d847-4e7b-8601-c651fa7f5ebd,organization,4ae25353-5ebb-4725-936a-84b5eb4684e4
3ac99fb3-d847-4e7b-8601-c651fa7f5ebd,project,d5f8fb75-ba6d-4a26-9795-0b42c1a139fb
3ac99fb3-d847-4e7b-8601-c651fa7f5ebd,person,6f790c53-9404-4b7e-86de-4498a071899d
3ac99fb3-d847-4e7b-8601-c651fa7f5ebd,person,d52e9454-21e6-44ed-bae7-66d750ccb17b
d5754c7f-4843-48d5-8f15-639c2522b29f,project,79287625-ebda-433d-af86-cab2dd5b8277
d5754c7f-4843-48d5-8f15-639c2522b29f,person,6f790c53-9404-4b7e-86de-4498a071899d
d5754c7f-4843-48d5-8f15-639c2522b29f,person,d52e9454-21e6-44ed-bae7-66d750ccb17b
e70ed2d5-fc8e-4892-971b-b015bd083625,project,ea68d9fd-278f-4908-a2b3-81c97de756da
e70ed2d5-fc8e-4892-971b-b015bd083625,project,79287625-ebda-433d-af86-cab2dd5b8277
e70ed2d5-fc8e-4892-971b-b015bd083625,project,d5f8fb75-ba6d-4a26-9795-0b42c1a139fb
e70ed2d5-fc8e-4892-971b-b015bd083625,person,6f790c53-9404-4b7e-86de-4498a071899d
e70ed2d5-fc8e-4892-971b-b015bd083625,area,57e87863-7ee7-410d-b25d-096c29474fbd
b117ec8f-fc5a-45a7-86ec-c36bbebfb6d4,project,ea68d9fd-278f-4908-a2b3-81c97de756da
b117ec8f-fc5a-45a7-86ec-c36bbebfb6d4,project,79287625-ebda-433d-af86-cab2dd5b8277
b117ec8f-fc5a-45a7-86ec-c36bbebfb6d4,project,d5f8fb75-ba6d-4a26-9795-0b42c1a139fb
03005a5b-a57d-4e1e-882a-ecc040f454b2,project,79287625-ebda-433d-af86-cab2dd5b8277
03005a5b-a57d-4e1e-882a-ecc040f454b2,project,ea68d9fd-278f-4908-a2b3-81c97de756da
03005a5b-a57d-4e1e-882a-ecc040f454b2,person,6f790c53-9404-4b7e-86de-4498a071899d
85937ba3-a758-4e2f-a85f-400bf9dec302,project,ea68d9fd-278f-4908-a2b3-81c97de756da
7b01ce8e-ad2d-4a3e-987d-fc4d41fc478d,project,a384618f-96c6-4ad0-ae79-6f43ec54f2b5
7b01ce8e-ad2d-4a3e-987d-fc4d41fc478d,project,d5f8fb75-ba6d-4a26-9795-0b42c1a139fb
7b01ce8e-ad2d-4a3e-987d-fc4d41fc478d,person,6f790c53-9404-4b7e-86de-4498a071899d
e0b45dcc-6b5c-4fba-904c-3298f0eeda6c,project,a384618f-96c6-4ad0-ae79-6f43ec54f2b5
e0b45dcc-6b5c-4fba-904c-3298f0eeda6c,person,6f790c53-9404-4b7e-86de-4498a071899d
f5841518-4ccc-4ae0-8534-d53f7933414a,person,6f790c53-9404-4b7e-86de-4498a071899d
6f9ae2a4-f848-445a-acef-b6e037177b8f,person,6f790c53-9404-4b7e-86de-4498a071899d
6f9ae2a4-f848-445a-acef-b6e037177b8f,person,d52e9454-21e6-44ed-bae7-66d750ccb17b
c6aad0ea-e813-44b6-805a-ea714962874b,project,79287625-ebda-433d-af86-cab2dd5b8277
c6aad0ea-e813-44b6-805a-ea714962874b,project,d5f8fb75-ba6d-4a26-9795-0b42c1a139fb
c6aad0ea-e813-44b6-805a-ea714962874b,person,6f790c53-9404-4b7e-86de-4498a071899d
c6aad0ea-e813-44b6-805a-ea714962874b,person,d52e9454-21e6-44ed-bae7-66d750ccb17b
4d982fce-eeef-443d-83d9-4bc78f2b36cc,project,ea68d9fd-278f-4908-a2b3-81c97de756da
4d982fce-eeef-443d-83d9-4bc78f2b36cc,project,d5f8fb75-ba6d-4a26-9795-0b42c1a139fb
4d982fce-eeef-443d-83d9-4bc78f2b36cc,person,6f790c53-9404-4b7e-86de-4498a071899d
4d982fce-eeef-443d-83d9-4bc78f2b36cc,person,6862f0c2-aa21-43d1-a809-b068fb14bb0a
4d982fce-eeef-443d-83d9-4bc78f2b36cc,person,d52e9454-21e6-44ed-bae7-66d750ccb17b
9a885461-9437-4cb7-b080-3a4643a8f0ff,project,9dd68fa2-8f12-47a3-9c7b-6b74c0bf9992
9a885461-9437-4cb7-b080-3a4643a8f0ff,project,ea68d9fd-278f-4908-a2b3-81c97de756da
9a885461-9437-4cb7-b080-3a4643a8f0ff,project,d5f8fb75-ba6d-4a26-9795-0b42c1a139fb
9a885461-9437-4cb7-b080-3a4643a8f0ff,person,6f790c53-9404-4b7e-86de-4498a071899d
9a885461-9437-4cb7-b080-3a4643a8f0ff,person,80352a40-7fd6-4037-902a-497ec4015e71
3145f404-0e86-4aba-b95f-d2a043e13a0b,project,35412708-cd7c-4c68-a39f-ca89aea5ade2
3145f404-0e86-4aba-b95f-d2a043e13a0b,area,57e87863-7ee7-410d-b25d-096c29474fbd
93544417-6b51-4920-a0bf-5752bf5f94c5,project,d5f8fb75-ba6d-4a26-9795-0b42c1a139fb
93544417-6b51-4920-a0bf-5752bf5f94c5,person,6f790c53-9404-4b7e-86de-4498a071899d
6ac27dc6-0fe4-4ac6-922b-b1ce99e41bf1,project,d5f8fb75-ba6d-4a26-9795-0b42c1a139fb
a245d465-5036-4fc9-8a0f-88a684f35e46,person,6f790c53-9404-4b7e-86de-4498a071899d
096ecace-ad5f-4bd1-9c2b-b8e3cd338e16,project,d5f8fb75-ba6d-4a26-9795-0b42c1a139fb
d31020d7-aaac-4ff5-8db9-a7e2f08d963a,project,ea68d9fd-278f-4908-a2b3-81c97de756da
d31020d7-aaac-4ff5-8db9-a7e2f08d963a,project,79287625-ebda-433d-af86-cab2dd5b8277
d31020d7-aaac-4ff5-8db9-a7e2f08d963a,person,6f790c53-9404-4b7e-86de-4498a071899d
d31020d7-aaac-4ff5-8db9-a7e2f08d963a,area,57e87863-7ee7-410d-b25d-096c29474fbd
d31020d7-aaac-4ff5-8db9-a7e2f08d963a,person,d52e9454-21e6-44ed-bae7-66d750ccb17b
b7ce1c8d-9b6f-4896-b4a5-cf08f2e2b908,project,ea68d9fd-278f-4908-a2b3-81c97de756da
b7ce1c8d-9b6f-4896-b4a5-cf08f2e2b908,person,6f790c53-9404-4b7e-86de-4498a071899d
024df15b-610a-433b-a721-be67b4963d05,project,ea68d9fd-278f-4908-a2b3-81c97de756da
024df15b-610a-433b-a721-be67b4963d05,project,79287625-ebda-433d-af86-cab2dd5b8277
024df15b-610a-433b-a721-be67b4963d05,person,6f790c53-9404-4b7e-86de-4498a071899d
024df15b-610a-433b-a721-be67b4963d05,area,57e87863-7ee7-410d-b25d-096c29474fbd
9ee832b1-5e97-44a9-9c1a-486e6e6873d7,person,6f790c53-9404-4b7e-86de-4498a071899d
9ee832b1-5e97-44a9-9c1a-486e6e6873d7,project,ea68d9fd-278f-4908-a2b3-81c97de756da
d97166fe-b114-44a0-a9ca-1b7764a4dfba,project,d5f8fb75-ba6d-4a26-9795-0b42c1a139fb
d97166fe-b114-44a0-a9ca-1b7764a4dfba,person,d52e9454-21e6-44ed-bae7-66d750ccb17b
f18ea4ce-3b63-4421-83c0-1af546d21cc4,project,a384618f-96c6-4ad0-ae79-6f43ec54f2b5
f18ea4ce-3b63-4421-83c0-1af546d21cc4,project,d5f8fb75-ba6d-4a26-9795-0b42c1a139fb
f18ea4ce-3b63-4421-83c0-1af546d21cc4,person,6f790c53-9404-4b7e-86de-4498a071899d
72c2da8b-d2d5-4446-a098-e0606bf9535a,project,9dd68fa2-8f12-47a3-9c7b-6b74c0bf9992
e8442095-8715-4fc1-8743-09a00b714cf6,organization,4ae25353-5ebb-4725-936a-84b5eb4684e4
e8442095-8715-4fc1-8743-09a00b714cf6,project,d5f8fb75-ba6d-4a26-9795-0b42c1a139fb
e8442095-8715-4fc1-8743-09a00b714cf6,person,6f790c53-9404-4b7e-86de-4498a071899d
e8442095-8715-4fc1-8743-09a00b714cf6,person,d52e9454-21e6-44ed-bae7-66d750ccb17b
d66e0ba6-b215-4b29-a961-2cdc20a34efe,project,d5f8fb75-ba6d-4a26-9795-0b42c1a139fb
d66e0ba6-b215-4b29-a961-2cdc20a34efe,person,6f790c53-9404-4b7e-86de-4498a071899d
d66e0ba6-b215-4b29-a961-2cdc20a34efe,person,d52e9454-21e6-44ed-bae7-66d750ccb17b
d0893d58-016f-4726-b6fa-2075d600e4bf,person,6f790c53-9404-4b7e-86de-4498a071899d
0dc653fc-12cb-4cb7-b679-0b61bc31cff8,project,ea68d9fd-278f-4908-a2b3-81c97de756da
0dc653fc-12cb-4cb7-b679-0b61bc31cff8,project,d5f8fb75-ba6d-4a26-9795-0b42c1a139fb
0dc653fc-12cb-4cb7-b679-0b61bc31cff8,person,6f790c53-9404-4b7e-86de-4498a071899d
0dc653fc-12cb-4cb7-b679-0b61bc31cff8,person,d52e9454-21e6-44ed-bae7-66d750ccb17b
f161405d-ad9b-4c1b-b43e-6689525c5ffc,project,a384618f-96c6-4ad0-ae79-6f43ec54f2b5
f161405d-ad9b-4c1b-b43e-6689525c5ffc,area,57e87863-7ee7-410d-b25d-096c29474fbd
f161405d-ad9b-4c1b-b43e-6689525c5ffc,project,ea68d9fd-278f-4908-a2b3-81c97de756da
f161405d-ad9b-4c1b-b43e-6689525c5ffc,project,d5f8fb75-ba6d-4a26-9795-0b42c1a139fb
f161405d-ad9b-4c1b-b43e-6689525c5ffc,person,6f790c53-9404-4b7e-86de-4498a071899d
6baa55e2-ecba-4d01-9777-a0543ba0ca94,project,79287625-ebda-433d-af86-cab2dd5b8277
ed521555-1c72-4e2f-9ce1-02dd9918d0be,person,98ceea13-d024-459b-8d73-4080e6aa0aa5
ed521555-1c72-4e2f-9ce1-02dd9918d0be,organization,8d0ac60f-45ea-464a-b955-3bfeffeb4227
197d8a7f-0af2-4453-87f2-dc7c62f1bddf,organization,b96b9d74-23e8-4fc7-a9d2-a742a4fb487c
b5a119db-51c3-4f31-a428-a03f025aeb87,person,79ed28f0-e91e-42aa-99a2-3d50bbaab49c
b5a119db-51c3-4f31-a428-a03f025aeb87,person,c720f3d0-8a2b-40dc-a1ce-ab1ded3bd3c1
972c0655-008c-4bfb-8965-e3980bf1c706,organization,da239ea1-e891-4587-b8cd-b32153c2ca3a
972c0655-008c-4bfb-8965-e3980bf1c706,person,633ba9c9-2c31-4f0f-b204-b005a18ddc56
972c0655-008c-4bfb-8965-e3980bf1c706,person,79ed28f0-e91e-42aa-99a2-3d50bbaab49c
972c0655-008c-4bfb-8965-e3980bf1c706,location,5d97703d-8119-49ad-b9f1-6314ad52ff6e
972c0655-008c-4bfb-8965-e3980bf1c706,organization,0e5bfa81-6484-4070-b1e8-eadec4cb82fc
173fa812-b971-4052-8a6d-c552d9cd7dc8,organization,6a7ee6e9-6e3e-406f-8603-8cffd83daba9
173fa812-b971-4052-8a6d-c552d9cd7dc8,organization,7adb36a4-2be5-4ef2-b299-63b819d25467
173fa812-b971-4052-8a6d-c552d9cd7dc8,organization,01fd9a44-c6cc-496c-ab80-cedf2c51527c
173fa812-b971-4052-8a6d-c552d9cd7dc8,organization,e44eaf96-fa67-42a9-aebe-886a12e148ab
c214bd89-772e-4272-b350-1db7864875c5,person,40f1bbfa-f375-4a65-84d9-1290fd02a3c7
c214bd89-772e-4272-b350-1db7864875c5,person,72a05873-c2c7-4de6-b5e2-ae6c2abcf2d3
8992347d-f41c-44fc-9eaa-061e53ccbef2,person,79ed28f0-e91e-42aa-99a2-3d50bbaab49c
8992347d-f41c-44fc-9eaa-061e53ccbef2,person,4249ed73-1a87-4393-9ab8-e7ab6111b46c
8992347d-f41c-44fc-9eaa-061e53ccbef2,organization,8460175c-2e5c-40c1-a982-a99588f83e76
8992347d-f41c-44fc-9eaa-061e53ccbef2,organization,ed30b3f0-4ddb-418a-8355-905695d85747
8992347d-f41c-44fc-9eaa-061e53ccbef2,organization,36688ebc-bac0-4b02-94df-5062562056e6
8992347d-f41c-44fc-9eaa-061e53ccbef2,organization,b5839411-ae0b-43fd-b329-865113fed870
7f3b5466-4a02-47fe-9db1-c104ce0e0f28,organization,36688ebc-bac0-4b02-94df-5062562056e6
7f3b5466-4a02-47fe-9db1-c104ce0e0f28,person,0132c20a-4a24-4b7d-99c4-678c6d029c56
7f3b5466-4a02-47fe-9db1-c104ce0e0f28,person,acd53198-ac77-484f-93bc-7cab7f4699ef
7f3b5466-4a02-47fe-9db1-c104ce0e0f28,organization,8460175c-2e5c-40c1-a982-a99588f83e76
7f3b5466-4a02-47fe-9db1-c104ce0e0f28,person,9e29e490-ae19-4f33-8516-2781d48fc539
7f3b5466-4a02-47fe-9db1-c104ce0e0f28,organization,2e5b1a81-7845-4dab-a23f-83c38b0fa986
7f3b5466-4a02-47fe-9db1-c104ce0e0f28,organization,482b11bf-f496-4376-825f-815cffb39a8e
7f3b5466-4a02-47fe-9db1-c104ce0e0f28,organization,c225cc7f-9136-444d-8d0c-5651e9779dc1
7f3b5466-4a02-47fe-9db1-c104ce0e0f28,organization,2e776b5e-ba0c-4d51-b282-0c69dbec15e0
d5e41376-7c14-4d33-a707-c356ce4cc11c,person,f7fba11c-2b49-4a48-a796-8a3faf5ebca0
d5e41376-7c14-4d33-a707-c356ce4cc11c,person,40dff6a2-4bb5-40e9-b63b-f9ac0caf50f2
d5e41376-7c14-4d33-a707-c356ce4cc11c,person,ef081aa4-4944-470a-a352-899e2a7cb7ea
d5e41376-7c14-4d33-a707-c356ce4cc11c,person,3602f6cb-214e-489a-b132-444f5bff9ba2
49b07688-be02-425d-bda4-9ce231697bbc,person,3ae7ef1e-26b3-4645-9593-24777f162348
49b07688-be02-425d-bda4-9ce231697bbc,person,42f31ff5-95b8-4092-b73d-8a0cdffeb49d
49b07688-be02-425d-bda4-9ce231697bbc,person,7265dc0f-70c7-4138-8611-bd8a317e201e
49b07688-be02-425d-bda4-9ce231697bbc,person,ed49ba8d-3965-4b80-b588-f79b4edfed65
49b07688-be02-425d-bda4-9ce231697bbc,person,da8e50a4-4fcc-4495-a099-b17732da06e1
49b07688-be02-425d-bda4-9ce231697bbc,organization,d8101bf2-9e7b-409d-b820-3e2aefd3689b
c055b3a7-f33a-4d89-ad2d-a13e55099682,person,79ed28f0-e91e-42aa-99a2-3d50bbaab49c
433b41d1-3723-4279-b56b-a587178e803c,organization,38abcb23-09cd-4204-b25a-77fef80629f5
433b41d1-3723-4279-b56b-a587178e803c,person,f2dc2e6a-b09d-446c-9ef1-8804804a8d98
7bc075d4-f052-431d-81ba-f044bc1831c1,person,79ed28f0-e91e-42aa-99a2-3d50bbaab49c
7bc075d4-f052-431d-81ba-f044bc1831c1,organization,a5026bba-8ce8-4576-aa3a-14db0cad7ca3
7bc075d4-f052-431d-81ba-f044bc1831c1,person,c1d660e4-1cf7-46a5-ab50-35287392f984
fc88e494-91d5-4cfc-9c93-52502b32242e,location,06ec1159-5f00-42e7-8f77-818c5a786806
1dd2f5dc-44e1-4ddd-9796-f944d94b4416,person,7de93951-5865-4b89-afb6-22f7410c82db
1dd2f5dc-44e1-4ddd-9796-f944d94b4416,organization,a5026bba-8ce8-4576-aa3a-14db0cad7ca3
1dd2f5dc-44e1-4ddd-9796-f944d94b4416,organization,2fbff906-39e9-4c6d-8c85-8616e15e6743
1dd2f5dc-44e1-4ddd-9796-f944d94b4416,location,70e0bcd3-97ce-4d4d-8a36-04a7ffee830d
a25f5c81-4516-482a-b983-9c80672c62d5,organization,6e73170d-b951-407f-96a4-d08b71e0d97b
a25f5c81-4516-482a-b983-9c80672c62d5,organization,cbf88d98-a2c0-4520-9e2c-812a96daf7df
a25f5c81-4516-482a-b983-9c80672c62d5,organization,2fbff906-39e9-4c6d-8c85-8616e15e6743
a25f5c81-4516-482a-b983-9c80672c62d5,location,70e0bcd3-97ce-4d4d-8a36-04a7ffee830d
0a9fda12-7b1c-425c-b15c-76281dd7fd4b,location,fc32c9bb-e900-4f0e-96aa-fa88360e41a1
0a9fda12-7b1c-425c-b15c-76281dd7fd4b,person,79ed28f0-e91e-42aa-99a2-3d50bbaab49c
0a9fda12-7b1c-425c-b15c-76281dd7fd4b,location,80783a27-3717-4476-9be8-6d46ae861c37
0a9fda12-7b1c-425c-b15c-76281dd7fd4b,organization,7cecc847-c2d1-4fdd-b8c1-fb1eff6dce73
0a9fda12-7b1c-425c-b15c-76281dd7fd4b,organization,71f11541-7616-4af0-8ab7-93caef424cb6
e227f638-02b6-4745-8f32-38c4a1976513,person,79ed28f0-e91e-42aa-99a2-3d50bbaab49c
dea95d90-20fd-4165-8093-95003b186fa5,person,79ed28f0-e91e-42aa-99a2-3d50bbaab49c
dea95d90-20fd-4165-8093-95003b186fa5,person,40f1bbfa-f375-4a65-84d9-1290fd02a3c7
dea95d90-20fd-4165-8093-95003b186fa5,person,72a05873-c2c7-4de6-b5e2-ae6c2abcf2d3
b101e29a-7457-4dd0-b633-8b3f80663d6f,person,79ed28f0-e91e-42aa-99a2-3d50bbaab49c
13cb12cd-2ed5-4f43-ac41-474b858c2de6,person,79ed28f0-e91e-42aa-99a2-3d50bbaab49c
67c2f099-be23-490a-a013-fdf36edbb0e3,person,79ed28f0-e91e-42aa-99a2-3d50bbaab49c
ec95b878-e621-4e1c-8983-bda8d4a4da10,person,79ed28f0-e91e-42aa-99a2-3d50bbaab49c
8262de96-5063-4243-bb10-add55b2c45b6,person,72a05873-c2c7-4de6-b5e2-ae6c2abcf2d3
239c3704-dbb3-49c0-9af8-cbb8fd1c8e18,person,79ed28f0-e91e-42aa-99a2-3d50bbaab49c
239c3704-dbb3-49c0-9af8-cbb8fd1c8e18,location,fd3744cd-8bf1-4741-9714-af62d71d6b5a
239c3704-dbb3-49c0-9af8-cbb8fd1c8e18,person,72a05873-c2c7-4de6-b5e2-ae6c2abcf2d3
cb70636e-ec71-4d04-8727-4d9674283c73,location,70e0bcd3-97ce-4d4d-8a36-04a7ffee830d
cb70636e-ec71-4d04-8727-4d9674283c73,person,9dbeee03-b13c-4293-8957-1fb2e42587c1
59ef6d47-5b15-4141-95bb-09bc2f3dfad8,location,c0754920-d1c6-46fb-9a24-b032c782ec9a
59ef6d47-5b15-4141-95bb-09bc2f3dfad8,person,72a05873-c2c7-4de6-b5e2-ae6c2abcf2d3
84da9da3-fbf0-4079-b65e-ca86b3e80efc,person,0b085c55-5431-4cd4-89d1-af1bf1b5e817
84da9da3-fbf0-4079-b65e-ca86b3e80efc,person,79ed28f0-e91e-42aa-99a2-3d50bbaab49c
84da9da3-fbf0-4079-b65e-ca86b3e80efc,person,4d2f1f09-7526-42e6-95b5-203576234e18
84da9da3-fbf0-4079-b65e-ca86b3e80efc,location,817b7b25-c6eb-40e3-82d7-1f1a8ec954df
b74f3459-7462-4772-ab3b-0ef855bcebff,person,79ed28f0-e91e-42aa-99a2-3d50bbaab49c
b74f3459-7462-4772-ab3b-0ef855bcebff,person,11bd1888-7d7a-4e9a-885e-5b520d6e707a
153faaad-1da0-4839-9961-718b00f2c63c,person,11bd1888-7d7a-4e9a-885e-5b520d6e707a
153faaad-1da0-4839-9961-718b00f2c63c,person,79ed28f0-e91e-42aa-99a2-3d50bbaab49c
d0526e2f-8962-41c4-8773-11c9249c40ae,person,11bd1888-7d7a-4e9a-885e-5b520d6e707a
8a89d5ee-9538-4f34-8836-98ae8b87ba84,person,11bd1888-7d7a-4e9a-885e-5b520d6e707a
8a89d5ee-9538-4f34-8836-98ae8b87ba84,person,79ed28f0-e91e-42aa-99a2-3d50bbaab49c
8a89d5ee-9538-4f34-8836-98ae8b87ba84,person,520138a2-a693-433f-ab2d-0fbe191ece6a
7b5778dd-88cc-4168-b57a-8c594729c344,person,520138a2-a693-433f-ab2d-0fbe191ece6a
7b5778dd-88cc-4168-b57a-8c594729c344,person,79ed28f0-e91e-42aa-99a2-3d50bbaab49c
7b5778dd-88cc-4168-b57a-8c594729c344,person,11bd1888-7d7a-4e9a-885e-5b520d6e707a
30439b89-3ff7-425c-9191-17923d43b33a,person,79ed28f0-e91e-42aa-99a2-3d50bbaab49c
30439b89-3ff7-425c-9191-17923d43b33a,person,11bd1888-7d7a-4e9a-885e-5b520d6e707a
30439b89-3ff7-425c-9191-17923d43b33a,person,72a05873-c2c7-4de6-b5e2-ae6c2abcf2d3
30439b89-3ff7-425c-9191-17923d43b33a,organization,2e5b1a81-7845-4dab-a23f-83c38b0fa986
0e8f0381-60b2-4a96-a89f-678dbd6bbde7,person,79ed28f0-e91e-42aa-99a2-3d50bbaab49c
0e8f0381-60b2-4a96-a89f-678dbd6bbde7,person,11bd1888-7d7a-4e9a-885e-5b520d6e707a
0e8f0381-60b2-4a96-a89f-678dbd6bbde7,location,84de30d0-ae79-4e79-bd91-580a67a56ce9
8b761cd5-2a71-44d0-a983-58e6d0491404,person,11bd1888-7d7a-4e9a-885e-5b520d6e707a
8b761cd5-2a71-44d0-a983-58e6d0491404,person,79ed28f0-e91e-42aa-99a2-3d50bbaab49c
8b761cd5-2a71-44d0-a983-58e6d0491404,location,388e81bb-fa05-463c-be90-ad9567547e7a
9f1933bb-6d2e-46f2-ba2b-04877cab4e0e,person,79ed28f0-e91e-42aa-99a2-3d50bbaab49c
5e07155a-c94b-48f0-ba2a-28a4532fd889,organization,83e05a17-9aec-42ee-9454-57160f996b05
5e07155a-c94b-48f0-ba2a-28a4532fd889,location,e5e96a23-199e-4379-abfe-8fe784ad7fd7
5e07155a-c94b-48f0-ba2a-28a4532fd889,person,14dc0f13-afa9-4c20-9732-8347cd78f5a2
5e07155a-c94b-48f0-ba2a-28a4532fd889,person,955ad664-f83e-4daa-ad3d-f4610f18ace8
5e07155a-c94b-48f0-ba2a-28a4532fd889,person,60728a93-af99-4c80-994a-a6e8c1bba47f
5e07155a-c94b-48f0-ba2a-28a4532fd889,person,f27dfb49-0761-4e52-aa3e-b65bacef9c82
a800792f-238d-48df-ba58-f2b75bc117a5,person,11bd1888-7d7a-4e9a-885e-5b520d6e707a
a5211969-4e9b-456e-92f2-172ac6789ab3,person,79ed28f0-e91e-42aa-99a2-3d50bbaab49c
a5211969-4e9b-456e-92f2-172ac6789ab3,person,11bd1888-7d7a-4e9a-885e-5b520d6e707a
a5211969-4e9b-456e-92f2-172ac6789ab3,person,0b085c55-5431-4cd4-89d1-af1bf1b5e817
a5211969-4e9b-456e-92f2-172ac6789ab3,location,efac18df-c3dd-488a-8b33-a051362404ca
a5211969-4e9b-456e-92f2-172ac6789ab3,location,dad42628-dc60-4e13-bb6c-d22a9471cf5c
a5211969-4e9b-456e-92f2-172ac6789ab3,location,6923e977-a300-46c5-9d6f-cb1635276a72
a5211969-4e9b-456e-92f2-172ac6789ab3,location,05fea7f2-a27a-4ff6-879d-dcc7db284ec7
745a11ee-c347-4af6-be91-6f31ac6db122,person,79ed28f0-e91e-42aa-99a2-3d50bbaab49c
eeb108c1-b244-47f3-a157-5f283a5e4296,person,79ed28f0-e91e-42aa-99a2-3d50bbaab49c
eeb108c1-b244-47f3-a157-5f283a5e4296,person,11bd1888-7d7a-4e9a-885e-5b520d6e707a
eeb108c1-b244-47f3-a157-5f283a5e4296,person,d1135fe4-153c-4afd-818a-48ac2a89b751
eeb108c1-b244-47f3-a157-5f283a5e4296,person,b387fae0-faf7-47c0-b898-6ee39bcb6fa6
eeb108c1-b244-47f3-a157-5f283a5e4296,person,b99333c9-c9f3-4c07-a00a-2fa392d0d7f9
f3ac350f-7ae8-4b92-a7fb-ac548af355c8,location,1a6593d8-0700-4240-942d-bc122af55987
f3ac350f-7ae8-4b92-a7fb-ac548af355c8,location,798a3eb5-7489-466f-8487-07692ac99601
f3ac350f-7ae8-4b92-a7fb-ac548af355c8,location,5ad62819-62c8-4dfa-8495-74eb6675319f
f3ac350f-7ae8-4b92-a7fb-ac548af355c8,location,40bc453b-c7a2-4c84-bf9e-531c74a7f7ca
f3ac350f-7ae8-4b92-a7fb-ac548af355c8,person,11bd1888-7d7a-4e9a-885e-5b520d6e707a
f3ac350f-7ae8-4b92-a7fb-ac548af355c8,person,79ed28f0-e91e-42aa-99a2-3d50bbaab49c
b8e73c7d-3651-42b2-a8ee-c1aadaacdcfa,location,dd053aa6-63a7-43c3-9767-efec9a09a0cb
b8e73c7d-3651-42b2-a8ee-c1aadaacdcfa,person,79ed28f0-e91e-42aa-99a2-3d50bbaab49c
a373da59-1062-47d5-a4ca-639400d56d67,person,11bd1888-7d7a-4e9a-885e-5b520d6e707a
a373da59-1062-47d5-a4ca-639400d56d67,person,79ed28f0-e91e-42aa-99a2-3d50bbaab49c
93bcd0ad-2a54-4741-a1d6-1482116fe96a,person,79ed28f0-e91e-42aa-99a2-3d50bbaab49c
93bcd0ad-2a54-4741-a1d6-1482116fe96a,person,11bd1888-7d7a-4e9a-885e-5b520d6e707a
93bcd0ad-2a54-4741-a1d6-1482116fe96a,person,40f1bbfa-f375-4a65-84d9-1290fd02a3c7
93bcd0ad-2a54-4741-a1d6-1482116fe96a,person,72a05873-c2c7-4de6-b5e2-ae6c2abcf2d3
93bcd0ad-2a54-4741-a1d6-1482116fe96a,person,169122ae-a437-42c6-bec9-14309c4c35cc
93bcd0ad-2a54-4741-a1d6-1482116fe96a,person,32f526b6-b1f3-4cf7-bbb1-8428b223c505
93bcd0ad-2a54-4741-a1d6-1482116fe96a,person,6325a622-9304-478f-b857-458d99e52fff
93bcd0ad-2a54-4741-a1d6-1482116fe96a,person,5d8e48b9-bc03-4fab-9f3e-76ba77630ef3
93bcd0ad-2a54-4741-a1d6-1482116fe96a,person,fdea51c7-a6b8-47db-b18f-1a5e375a96d3
93bcd0ad-2a54-4741-a1d6-1482116fe96a,person,be69bae2-96ff-4595-92a6-a831c8bec010
c08bfb7e-2ddb-411e-b755-6dcf12b304d9,person,be69bae2-96ff-4595-92a6-a831c8bec010
c08bfb7e-2ddb-411e-b755-6dcf12b304d9,person,79ed28f0-e91e-42aa-99a2-3d50bbaab49c
c08bfb7e-2ddb-411e-b755-6dcf12b304d9,person,11bd1888-7d7a-4e9a-885e-5b520d6e707a
88532d6e-f518-421d-8cab-328ddf6d4072,person,11bd1888-7d7a-4e9a-885e-5b520d6e707a
88532d6e-f518-421d-8cab-328ddf6d4072,person,daa03237-51b1-4c72-8461-9ec5385b6636
88532d6e-f518-421d-8cab-328ddf6d4072,person,059c7d9a-358e-483a-a9a3-4dce5820c47a
88532d6e-f518-421d-8cab-328ddf6d4072,person,8b54f976-b0f9-4844-bbaa-49cb609fd8f2
88532d6e-f518-421d-8cab-328ddf6d4072,person,79ed28f0-e91e-42aa-99a2-3d50bbaab49c
bd88a5fe-2103-45ab-b511-fca0a4731033,person,79ed28f0-e91e-42aa-99a2-3d50bbaab49c
bd88a5fe-2103-45ab-b511-fca0a4731033,person,c5978e91-5df2-4130-93a7-f957515cec83
bd88a5fe-2103-45ab-b511-fca0a4731033,person,40f1bbfa-f375-4a65-84d9-1290fd02a3c7
30dea839-27ff-4949-8ab1-e33216c97552,person,be69bae2-96ff-4595-92a6-a831c8bec010
b4a1d6bf-43d1-44e6-aa5a-04a0a04ee7a7,person,be69bae2-96ff-4595-92a6-a831c8bec010
b4a1d6bf-43d1-44e6-aa5a-04a0a04ee7a7,person,79ed28f0-e91e-42aa-99a2-3d50bbaab49c
b4a1d6bf-43d1-44e6-aa5a-04a0a04ee7a7,person,11bd1888-7d7a-4e9a-885e-5b520d6e707a
eff68b83-8d9c-4046-a1bc-5d765001021f,person,be69bae2-96ff-4595-92a6-a831c8bec010
39bd93ec-70c8-409b-9d5d-f648b9b2e2b6,person,79ed28f0-e91e-42aa-99a2-3d50bbaab49c
39bd93ec-70c8-409b-9d5d-f648b9b2e2b6,person,11bd1888-7d7a-4e9a-885e-5b520d6e707a
39bd93ec-70c8-409b-9d5d-f648b9b2e2b6,person,40f1bbfa-f375-4a65-84d9-1290fd02a3c7
39bd93ec-70c8-409b-9d5d-f648b9b2e2b6,person,e49a542a-d5c6-4ea0-ac32-fdc625cf6f79
39bd93ec-70c8-409b-9d5d-f648b9b2e2b6,person,72a05873-c2c7-4de6-b5e2-ae6c2abcf2d3
0ef22b3c-a89e-49c6-880c-48992d5971eb,person,11bd1888-7d7a-4e9a-885e-5b520d6e707a
bceb5853-05ae-40ed-bd46-a8c116dcaeb9,person,79ed28f0-e91e-42aa-99a2-3d50bbaab49c
bceb5853-05ae-40ed-bd46-a8c116dcaeb9,person,059c7d9a-358e-483a-a9a3-4dce5820c47a
bceb5853-05ae-40ed-bd46-a8c116dcaeb9,person,11bd1888-7d7a-4e9a-885e-5b520d6e707a
bceb5853-05ae-40ed-bd46-a8c116dcaeb9,location,a2842c68-b71c-4940-932e-d6f79325990f
448be0f5-cdd6-44cc-9581-1b4f217fbf18,person,72a05873-c2c7-4de6-b5e2-ae6c2abcf2d3
bceb5853-05ae-40ed-bd46-a8c116dcaeb9,event,a1b03a16-432b-4928-9ee3-8c9e69af9d88
bceb5853-05ae-40ed-bd46-a8c116dcaeb9,program,3563c0f8-286d-498e-9432-d35e97cf63fe
448be0f5-cdd6-44cc-9581-1b4f217fbf18,program,3563c0f8-286d-498e-9432-d35e97cf63fe
e4f8684f-9f86-4743-a16b-60ac606f0674,person,79ed28f0-e91e-42aa-99a2-3d50bbaab49c
e4f8684f-9f86-4743-a16b-60ac606f0674,person,72a05873-c2c7-4de6-b5e2-ae6c2abcf2d3
8d98c47a-ce4b-4727-89bc-a2f7d2bbbc98,person,79ed28f0-e91e-42aa-99a2-3d50bbaab49c
8d98c47a-ce4b-4727-89bc-a2f7d2bbbc98,person,3d0d6272-e103-4f95-b174-347ca7902c05
4b83bfd9-bfc3-473d-bfce-752dd61224c0,person,79ed28f0-e91e-42aa-99a2-3d50bbaab49c
4b83bfd9-bfc3-473d-bfce-752dd61224c0,organization,4ae25353-5ebb-4725-936a-84b5eb4684e4
4b83bfd9-bfc3-473d-bfce-752dd61224c0,person,df889d53-9243-40b8-8ec9-7660c211f9ff
4b83bfd9-bfc3-473d-bfce-752dd61224c0,person,5e49d31a-5559-42c0-a6f1-a0370ccc8975
4b83bfd9-bfc3-473d-bfce-752dd61224c0,person,995ad6c3-8c1f-42ba-8cc6-7b856e96ddf1
d6cef8cc-4692-456a-90bd-2241c8acf4d6,organization,4ae25353-5ebb-4725-936a-84b5eb4684e4
d6cef8cc-4692-456a-90bd-2241c8acf4d6,person,adef98ec-4a63-4c77-a172-d2cbf4db39a0
c5a53111-1599-49e7-86db-6f6b55eed907,person,79ed28f0-e91e-42aa-99a2-3d50bbaab49c
14230232-6246-4d13-9402-f77d794a6633,person,72a05873-c2c7-4de6-b5e2-ae6c2abcf2d3
14230232-6246-4d13-9402-f77d794a6633,person,40f1bbfa-f375-4a65-84d9-1290fd02a3c7
14230232-6246-4d13-9402-f77d794a6633,location,29bdeac0-15eb-4f4a-b1ec-096ecba00239
f585f95b-f4ef-41cb-aea1-1db0bc3c3fb1,person,79ed28f0-e91e-42aa-99a2-3d50bbaab49c
83ff3d9e-bb28-4cbd-96ed-4338d3f71b20,person,11bd1888-7d7a-4e9a-885e-5b520d6e707a
83ff3d9e-bb28-4cbd-96ed-4338d3f71b20,person,fdea51c7-a6b8-47db-b18f-1a5e375a96d3
83ff3d9e-bb28-4cbd-96ed-4338d3f71b20,location,30217b13-f8b3-436a-8859-0e92577afb10
83ff3d9e-bb28-4cbd-96ed-4338d3f71b20,person,79ed28f0-e91e-42aa-99a2-3d50bbaab49c
83ff3d9e-bb28-4cbd-96ed-4338d3f71b20,person,6d6288dc-8001-418b-bc76-6e6af4247b1b
d3957605-a9ce-4629-9114-a7384056cd8a,person,11bd1888-7d7a-4e9a-885e-5b520d6e707a
d3957605-a9ce-4629-9114-a7384056cd8a,person,79ed28f0-e91e-42aa-99a2-3d50bbaab49c
0170b3b6-9c12-4b41-a0dd-1f980e1eb1c0,person,520138a2-a693-433f-ab2d-0fbe191ece6a
0170b3b6-9c12-4b41-a0dd-1f980e1eb1c0,person,11bd1888-7d7a-4e9a-885e-5b520d6e707a
0170b3b6-9c12-4b41-a0dd-1f980e1eb1c0,person,79ed28f0-e91e-42aa-99a2-3d50bbaab49c
d0ad1617-8c5c-4521-9a97-a505a8ceef84,organization,6e3323e9-ccae-4b6a-a847-2267fa2215bc
d0ad1617-8c5c-4521-9a97-a505a8ceef84,person,41cdc8cb-0dcc-4dc9-94ce-c0f2c33b41cb
d0ad1617-8c5c-4521-9a97-a505a8ceef84,person,7af9a606-326a-4af7-b4fb-a4a50d4cf523
d0ad1617-8c5c-4521-9a97-a505a8ceef84,person,6f790c53-9404-4b7e-86de-4498a071899d
d0ad1617-8c5c-4521-9a97-a505a8ceef84,person,1f4255a6-e169-4ee0-95ee-6363c0d4cc7c
d0ad1617-8c5c-4521-9a97-a505a8ceef84,person,6b37f85c-b444-42bf-b29d-813a2020e7b3
d0ad1617-8c5c-4521-9a97-a505a8ceef84,person,8dda94a1-4760-4ca7-9010-3951db8f3ff0
d0ad1617-8c5c-4521-9a97-a505a8ceef84,person,11bd1888-7d7a-4e9a-885e-5b520d6e707a
d0ad1617-8c5c-4521-9a97-a505a8ceef84,person,c26244fc-a617-47ef-8221-7d476f8604c5
d0ad1617-8c5c-4521-9a97-a505a8ceef84,person,520138a2-a693-433f-ab2d-0fbe191ece6a
d0ad1617-8c5c-4521-9a97-a505a8ceef84,person,daa03237-51b1-4c72-8461-9ec5385b6636
d0ad1617-8c5c-4521-9a97-a505a8ceef84,person,26343b14-5fbc-46dd-8268-d638cc5ef953
d0ad1617-8c5c-4521-9a97-a505a8ceef84,person,652940bb-c99a-4ba9-a09a-eeb728c03372
e66335ce-122c-46ac-8778-d2f60e4e8b08,person,11bd1888-7d7a-4e9a-885e-5b520d6e707a
e66335ce-122c-46ac-8778-d2f60e4e8b08,person,79ed28f0-e91e-42aa-99a2-3d50bbaab49c
e66335ce-122c-46ac-8778-d2f60e4e8b08,person,520138a2-a693-433f-ab2d-0fbe191ece6a
e66335ce-122c-46ac-8778-d2f60e4e8b08,person,c0e0e416-395a-4b3f-ae3b-e08370770af9
e66335ce-122c-46ac-8778-d2f60e4e8b08,person,fdea51c7-a6b8-47db-b18f-1a5e375a96d3
e66335ce-122c-46ac-8778-d2f60e4e8b08,person,6696ef5b-3ad0-4942-9027-058a5b27b49a
e66335ce-122c-46ac-8778-d2f60e4e8b08,person,ce5c18be-853d-4a3a-a68a-5e392799792e
e66335ce-122c-46ac-8778-d2f60e4e8b08,location,ac778e93-2c0e-4f69-a227-1afd4da6550b
e66335ce-122c-46ac-8778-d2f60e4e8b08,organization,ddf3349b-2d49-4679-a7c9-c933941e0dc7
e66335ce-122c-46ac-8778-d2f60e4e8b08,organization,395b7386-8e67-4436-afe5-0f87ba8649b1
e66335ce-122c-46ac-8778-d2f60e4e8b08,organization,4ae25353-5ebb-4725-936a-84b5eb4684e4
4a940dab-10b6-4765-86c2-7cbc509d8685,person,79ed28f0-e91e-42aa-99a2-3d50bbaab49c
cd3acbc1-e030-4fd5-a5b5-8c5c8a00ac98,person,79ed28f0-e91e-42aa-99a2-3d50bbaab49c
cd3acbc1-e030-4fd5-a5b5-8c5c8a00ac98,person,11bd1888-7d7a-4e9a-885e-5b520d6e707a
2b066334-8ae3-4015-ad71-c618efbc48f5,person,11bd1888-7d7a-4e9a-885e-5b520d6e707a
2b066334-8ae3-4015-ad71-c618efbc48f5,person,79ed28f0-e91e-42aa-99a2-3d50bbaab49c
ad57fe92-e07f-4d28-bf4e-54bca10fef60,person,6f790c53-9404-4b7e-86de-4498a071899d
ad57fe92-e07f-4d28-bf4e-54bca10fef60,person,11bd1888-7d7a-4e9a-885e-5b520d6e707a
ad57fe92-e07f-4d28-bf4e-54bca10fef60,person,520138a2-a693-433f-ab2d-0fbe191ece6a
ad57fe92-e07f-4d28-bf4e-54bca10fef60,location,40f65c21-ecb0-4912-8c3c-07bb81234b10
ad57fe92-e07f-4d28-bf4e-54bca10fef60,location,5e412cfd-6b01-4367-85fd-9082dd93345b
ad57fe92-e07f-4d28-bf4e-54bca10fef60,organization,395b7386-8e67-4436-afe5-0f87ba8649b1
ad57fe92-e07f-4d28-bf4e-54bca10fef60,person,79ed28f0-e91e-42aa-99a2-3d50bbaab49c
dce60163-f50c-4292-87b1-12f6db962af8,person,0b085c55-5431-4cd4-89d1-af1bf1b5e817
dce60163-f50c-4292-87b1-12f6db962af8,person,11bd1888-7d7a-4e9a-885e-5b520d6e707a
dce60163-f50c-4292-87b1-12f6db962af8,organization,febae1ad-aba2-4223-8bda-9cc811604631
dce60163-f50c-4292-87b1-12f6db962af8,person,520138a2-a693-433f-ab2d-0fbe191ece6a
dce60163-f50c-4292-87b1-12f6db962af8,person,7e39e969-49ae-44b0-9d7d-2296c5a975dc
a974fe51-e983-4ba5-9d85-99676bbb1d01,person,11bd1888-7d7a-4e9a-885e-5b520d6e707a
bcb214d2-607a-46b3-ad89-d694683540f7,person,e6bbca04-3dce-4120-acce-6abee4b58329
bcb214d2-607a-46b3-ad89-d694683540f7,person,c90fc4eb-367e-4eb9-b67b-a249bd35830b
bcb214d2-607a-46b3-ad89-d694683540f7,person,0b085c55-5431-4cd4-89d1-af1bf1b5e817
5f99fcbd-e04b-4b24-9eb5-f1de34c931ca,person,11bd1888-7d7a-4e9a-885e-5b520d6e707a
29260fb3-f12b-47d4-a910-f85d60073f33,location,303cb539-c215-4c94-a764-cdbd204e8d16
29260fb3-f12b-47d4-a910-f85d60073f33,person,11bd1888-7d7a-4e9a-885e-5b520d6e707a
ba818216-e38e-4a67-b561-f8a3bdb8a736,location,388e81bb-fa05-463c-be90-ad9567547e7a
ba818216-e38e-4a67-b561-f8a3bdb8a736,person,40f1bbfa-f375-4a65-84d9-1290fd02a3c7
ba818216-e38e-4a67-b561-f8a3bdb8a736,person,11bd1888-7d7a-4e9a-885e-5b520d6e707a
ba818216-e38e-4a67-b561-f8a3bdb8a736,person,72a05873-c2c7-4de6-b5e2-ae6c2abcf2d3
3afd9ba9-d7d3-44f1-929d-cbd549256662,person,11bd1888-7d7a-4e9a-885e-5b520d6e707a
3afd9ba9-d7d3-44f1-929d-cbd549256662,person,72a05873-c2c7-4de6-b5e2-ae6c2abcf2d3
3afd9ba9-d7d3-44f1-929d-cbd549256662,person,79ed28f0-e91e-42aa-99a2-3d50bbaab49c
fc29d67d-240b-4807-8ee1-12611e5db130,person,40f1bbfa-f375-4a65-84d9-1290fd02a3c7
fc29d67d-240b-4807-8ee1-12611e5db130,person,72a05873-c2c7-4de6-b5e2-ae6c2abcf2d3
fc29d67d-240b-4807-8ee1-12611e5db130,person,79ed28f0-e91e-42aa-99a2-3d50bbaab49c
80e7c216-b1ca-44c0-9c46-b0cd709c264d,person,be69bae2-96ff-4595-92a6-a831c8bec010
80e7c216-b1ca-44c0-9c46-b0cd709c264d,person,79ed28f0-e91e-42aa-99a2-3d50bbaab49c
80e7c216-b1ca-44c0-9c46-b0cd709c264d,person,11bd1888-7d7a-4e9a-885e-5b520d6e707a
661fe878-a506-4985-983a-5b4eb2785ce6,person,79ed28f0-e91e-42aa-99a2-3d50bbaab49c
661fe878-a506-4985-983a-5b4eb2785ce6,organization,aa51d45a-c9dc-41b3-8a3e-b04f25435e05
661fe878-a506-4985-983a-5b4eb2785ce6,location,63e333d2-873a-4f61-bc36-30e175fece18
661fe878-a506-4985-983a-5b4eb2785ce6,organization,9d27fa6b-e90f-4d83-8578-f3325246b6b4
661fe878-a506-4985-983a-5b4eb2785ce6,organization,febae1ad-aba2-4223-8bda-9cc811604631
661fe878-a506-4985-983a-5b4eb2785ce6,organization,9804b2a8-e430-4f15-8a33-779d43de57f5
661fe878-a506-4985-983a-5b4eb2785ce6,organization,4ae25353-5ebb-4725-936a-84b5eb4684e4
661fe878-a506-4985-983a-5b4eb2785ce6,organization,6f717c27-354d-43f1-9ab7-3f7cac216ebc
661fe878-a506-4985-983a-5b4eb2785ce6,organization,9d7b9f2e-7df5-46cc-8b99-30b1b28121be
661fe878-a506-4985-983a-5b4eb2785ce6,person,0b085c55-5431-4cd4-89d1-af1bf1b5e817
7b3d9f25-6661-4edb-9401-1b44582a68bb,person,be69bae2-96ff-4595-92a6-a831c8bec010
7b3d9f25-6661-4edb-9401-1b44582a68bb,person,79ed28f0-e91e-42aa-99a2-3d50bbaab49c
e191d154-de21-4e96-87db-726d017db34d,person,40f1bbfa-f375-4a65-84d9-1290fd02a3c7
a462f247-64c7-4ebe-8fdf-e46afb5754f1,person,be69bae2-96ff-4595-92a6-a831c8bec010
a462f247-64c7-4ebe-8fdf-e46afb5754f1,person,11bd1888-7d7a-4e9a-885e-5b520d6e707a
9edbbf25-e60a-44d5-aa7c-4517f72c647b,person,be69bae2-96ff-4595-92a6-a831c8bec010
92aa3d56-60d6-4ecf-ab04-9e84b441ae1e,person,79ed28f0-e91e-42aa-99a2-3d50bbaab49c
92aa3d56-60d6-4ecf-ab04-9e84b441ae1e,person,11bd1888-7d7a-4e9a-885e-5b520d6e707a
92aa3d56-60d6-4ecf-ab04-9e84b441ae1e,person,40f1bbfa-f375-4a65-84d9-1290fd02a3c7
2bee2771-4683-498c-98de-47a28867d396,person,79ed28f0-e91e-42aa-99a2-3d50bbaab49c
2bee2771-4683-498c-98de-47a28867d396,person,11bd1888-7d7a-4e9a-885e-5b520d6e707a
2bee2771-4683-498c-98de-47a28867d396,person,40f1bbfa-f375-4a65-84d9-1290fd02a3c7
2bee2771-4683-498c-98de-47a28867d396,person,72a05873-c2c7-4de6-b5e2-ae6c2abcf2d3
2bee2771-4683-498c-98de-47a28867d396,person,e49a542a-d5c6-4ea0-ac32-fdc625cf6f79
2bee2771-4683-498c-98de-47a28867d396,person,32f526b6-b1f3-4cf7-bbb1-8428b223c505
b238279c-7f36-463b-aca3-a97eb54a7497,person,79ed28f0-e91e-42aa-99a2-3d50bbaab49c
840bba4a-2903-4377-9741-210de7ba5594,person,79ed28f0-e91e-42aa-99a2-3d50bbaab49c
f22e01c8-b76b-4a45-ac73-fc300615096c,person,79ed28f0-e91e-42aa-99a2-3d50bbaab49c
52ef2a86-921f-4c31-a814-7387ebe2e7f0,location,22bb728a-5d30-4675-a91a-d46c534551ea
52ef2a86-921f-4c31-a814-7387ebe2e7f0,location,ba4060e3-1b22-4ca7-a530-ccb98e742dee
d8baf721-2a5a-40b2-9794-50420042d013,person,79ed28f0-e91e-42aa-99a2-3d50bbaab49c
5a8c88a2-a035-4966-aaa3-ccd8985f8d19,organization,90f0db3d-b12c-4eb9-8ee8-161bc6168b9c
40e754ef-0654-4828-8313-a4e596545d9f,person,79ed28f0-e91e-42aa-99a2-3d50bbaab49c
40e754ef-0654-4828-8313-a4e596545d9f,person,72a05873-c2c7-4de6-b5e2-ae6c2abcf2d3
dec8398d-6319-43c4-93a1-ad4c4369d077,person,79ed28f0-e91e-42aa-99a2-3d50bbaab49c
556ed844-be3d-4f78-a6eb-b6362bcbe19f,person,72a05873-c2c7-4de6-b5e2-ae6c2abcf2d3
54275402-b837-44ee-b3af-f436cad46538,person,79ed28f0-e91e-42aa-99a2-3d50bbaab49c
307fd55a-046e-4c48-ac93-4321749b00a7,person,79ed28f0-e91e-42aa-99a2-3d50bbaab49c
307fd55a-046e-4c48-ac93-4321749b00a7,person,3d0d6272-e103-4f95-b174-347ca7902c05
307fd55a-046e-4c48-ac93-4321749b00a7,person,11bd1888-7d7a-4e9a-885e-5b520d6e707a
307fd55a-046e-4c48-ac93-4321749b00a7,person,fde588b5-df10-4009-996f-4214043e5db1
307fd55a-046e-4c48-ac93-4321749b00a7,person,8bebb50c-a8ad-4a18-8b1d-7c206c3862c3
307fd55a-046e-4c48-ac93-4321749b00a7,location,089c1b07-ac30-4dfa-ad1b-f86fed1749c8
307fd55a-046e-4c48-ac93-4321749b00a7,person,fdea51c7-a6b8-47db-b18f-1a5e375a96d3
307fd55a-046e-4c48-ac93-4321749b00a7,location,f5a23f00-0564-4676-b965-fa43cb0169d7
307fd55a-046e-4c48-ac93-4321749b00a7,location,03187b8d-a3ee-47de-b237-41bfb93e293e
307fd55a-046e-4c48-ac93-4321749b00a7,person,7e39e969-49ae-44b0-9d7d-2296c5a975dc
307fd55a-046e-4c48-ac93-4321749b00a7,person,0b085c55-5431-4cd4-89d1-af1bf1b5e817
307fd55a-046e-4c48-ac93-4321749b00a7,location,a2924cc8-234e-4e5f-a515-d64d53573752
307fd55a-046e-4c48-ac93-4321749b00a7,person,c67b2eb2-6321-423e-b8dd-38c3049337db
e81dbaa4-96f7-4d3b-adb1-7891bfc2e06a,person,520138a2-a693-433f-ab2d-0fbe191ece6a
e81dbaa4-96f7-4d3b-adb1-7891bfc2e06a,person,11bd1888-7d7a-4e9a-885e-5b520d6e707a
e81dbaa4-96f7-4d3b-adb1-7891bfc2e06a,location,14ad9601-84ee-47ef-bc16-9042123adf00
e81dbaa4-96f7-4d3b-adb1-7891bfc2e06a,person,daa03237-51b1-4c72-8461-9ec5385b6636
e81dbaa4-96f7-4d3b-adb1-7891bfc2e06a,person,79ed28f0-e91e-42aa-99a2-3d50bbaab49c
a1b72a70-618e-4160-82d2-804d4ec225cd,person,11bd1888-7d7a-4e9a-885e-5b520d6e707a
a1b72a70-618e-4160-82d2-804d4ec225cd,person,520138a2-a693-433f-ab2d-0fbe191ece6a
a1b72a70-618e-4160-82d2-804d4ec225cd,person,c0e0e416-395a-4b3f-ae3b-e08370770af9
a1b72a70-618e-4160-82d2-804d4ec225cd,person,c26244fc-a617-47ef-8221-7d476f8604c5
a1b72a70-618e-4160-82d2-804d4ec225cd,person,0b2e9299-56eb-4bd3-8882-b7c60ef94df3
a1b72a70-618e-4160-82d2-804d4ec225cd,person,0b085c55-5431-4cd4-89d1-af1bf1b5e817
a1b72a70-618e-4160-82d2-804d4ec225cd,person,fdea51c7-a6b8-47db-b18f-1a5e375a96d3
a1b72a70-618e-4160-82d2-804d4ec225cd,person,8a30c9a5-a0de-463f-869f-9f1423cc83ee
a1b72a70-618e-4160-82d2-804d4ec225cd,location,0e83b9aa-83d6-4a27-884b-ef29120748e8
a1b72a70-618e-4160-82d2-804d4ec225cd,location,cf8181e4-8eee-4b50-963c-6d69077a8153
05cbd8c2-b0ae-4264-bfac-540288ff7be5,organization,4ae25353-5ebb-4725-936a-84b5eb4684e4
05cbd8c2-b0ae-4264-bfac-540288ff7be5,person,11bd1888-7d7a-4e9a-885e-5b520d6e707a
05cbd8c2-b0ae-4264-bfac-540288ff7be5,person,6f790c53-9404-4b7e-86de-4498a071899d
05cbd8c2-b0ae-4264-bfac-540288ff7be5,person,fdea51c7-a6b8-47db-b18f-1a5e375a96d3
05cbd8c2-b0ae-4264-bfac-540288ff7be5,person,79ed28f0-e91e-42aa-99a2-3d50bbaab49c
05cbd8c2-b0ae-4264-bfac-540288ff7be5,organization,395b7386-8e67-4436-afe5-0f87ba8649b1
05cbd8c2-b0ae-4264-bfac-540288ff7be5,organization,83e05a17-9aec-42ee-9454-57160f996b05
05cbd8c2-b0ae-4264-bfac-540288ff7be5,organization,ae39012d-a257-4bcf-bc22-d21b894196ab
05cbd8c2-b0ae-4264-bfac-540288ff7be5,location,817b7b25-c6eb-40e3-82d7-1f1a8ec954df
05cbd8c2-b0ae-4264-bfac-540288ff7be5,location,07ba6797-f794-4d1a-88d9-94dc07ea9d79
05cbd8c2-b0ae-4264-bfac-540288ff7be5,location,40f65c21-ecb0-4912-8c3c-07bb81234b10
05cbd8c2-b0ae-4264-bfac-540288ff7be5,location,be113126-616d-42f0-abfe-d2f2fb60a864
1c100bd0-911d-4c93-a264-93f2fdb3cc7e,person,79ed28f0-e91e-42aa-99a2-3d50bbaab49c
595fb03e-d453-41b5-9ec9-b8aa71970afa,person,11bd1888-7d7a-4e9a-885e-5b520d6e707a
595fb03e-d453-41b5-9ec9-b8aa71970afa,person,c0e0e416-395a-4b3f-ae3b-e08370770af9
595fb03e-d453-41b5-9ec9-b8aa71970afa,person,520138a2-a693-433f-ab2d-0fbe191ece6a
595fb03e-d453-41b5-9ec9-b8aa71970afa,person,79ed28f0-e91e-42aa-99a2-3d50bbaab49c
595fb03e-d453-41b5-9ec9-b8aa71970afa,person,1485a6fd-2b75-4d41-b8aa-6f5970cdd3a8
76f5c2e8-dee1-465b-9e10-83888ff75bda,person,79ed28f0-e91e-42aa-99a2-3d50bbaab49c
76f5c2e8-dee1-465b-9e10-83888ff75bda,person,72a05873-c2c7-4de6-b5e2-ae6c2abcf2d3
76f5c2e8-dee1-465b-9e10-83888ff75bda,person,11bd1888-7d7a-4e9a-885e-5b520d6e707a
76f5c2e8-dee1-465b-9e10-83888ff75bda,person,40f1bbfa-f375-4a65-84d9-1290fd02a3c7
29c1e2a4-f9df-46d0-b91f-36dc2a61c936,person,79ed28f0-e91e-42aa-99a2-3d50bbaab49c
29c1e2a4-f9df-46d0-b91f-36dc2a61c936,person,11bd1888-7d7a-4e9a-885e-5b520d6e707a
29c1e2a4-f9df-46d0-b91f-36dc2a61c936,person,520138a2-a693-433f-ab2d-0fbe191ece6a
29c1e2a4-f9df-46d0-b91f-36dc2a61c936,location,84de30d0-ae79-4e79-bd91-580a67a56ce9
29c1e2a4-f9df-46d0-b91f-36dc2a61c936,location,3cea7b98-c0bd-48ff-a58d-aa393ae08fdc
29c1e2a4-f9df-46d0-b91f-36dc2a61c936,person,daa03237-51b1-4c72-8461-9ec5385b6636
2625fa6c-245c-4349-88b8-2c2dbaae0e7b,person,17c8a97e-679f-4949-9edc-beaf655b97e8
2625fa6c-245c-4349-88b8-2c2dbaae0e7b,person,fdea51c7-a6b8-47db-b18f-1a5e375a96d3
2625fa6c-245c-4349-88b8-2c2dbaae0e7b,person,65566697-66d3-42ae-b7a3-7a34cf6d452a
2625fa6c-245c-4349-88b8-2c2dbaae0e7b,person,79ed28f0-e91e-42aa-99a2-3d50bbaab49c
2625fa6c-245c-4349-88b8-2c2dbaae0e7b,person,72a05873-c2c7-4de6-b5e2-ae6c2abcf2d3
2625fa6c-245c-4349-88b8-2c2dbaae0e7b,location,ccd8567f-5b40-4d6a-a1fc-49cd234fe6b1
2625fa6c-245c-4349-88b8-2c2dbaae0e7b,person,e9ffae01-6432-407a-ac95-fa4973c01fc8
2625fa6c-245c-4349-88b8-2c2dbaae0e7b,person,5c7c3729-e519-4592-a638-309773000821
2625fa6c-245c-4349-88b8-2c2dbaae0e7b,person,60728a93-af99-4c80-994a-a6e8c1bba47f
2625fa6c-245c-4349-88b8-2c2dbaae0e7b,organization,4ae25353-5ebb-4725-936a-84b5eb4684e4
2625fa6c-245c-4349-88b8-2c2dbaae0e7b,organization,bde5c7c9-c742-4b3b-bbfd-fbe84fcfb414
6dc3e16b-0341-48e1-b62b-a3f3750bd4bc,person,11bd1888-7d7a-4e9a-885e-5b520d6e707a
6dc3e16b-0341-48e1-b62b-a3f3750bd4bc,location,70e0bcd3-97ce-4d4d-8a36-04a7ffee830d
6dc3e16b-0341-48e1-b62b-a3f3750bd4bc,organization,febae1ad-aba2-4223-8bda-9cc811604631
6dc3e16b-0341-48e1-b62b-a3f3750bd4bc,location,95c3fe40-b0d7-4934-9e7b-c6453682d650
6dc3e16b-0341-48e1-b62b-a3f3750bd4bc,location,303cb539-c215-4c94-a764-cdbd204e8d16
6dc3e16b-0341-48e1-b62b-a3f3750bd4bc,person,0b085c55-5431-4cd4-89d1-af1bf1b5e817
6dc3e16b-0341-48e1-b62b-a3f3750bd4bc,person,7e39e969-49ae-44b0-9d7d-2296c5a975dc
32983a03-47d8-4a16-a0f6-8f13560a10b6,person,11bd1888-7d7a-4e9a-885e-5b520d6e707a
32983a03-47d8-4a16-a0f6-8f13560a10b6,location,70e0bcd3-97ce-4d4d-8a36-04a7ffee830d
32983a03-47d8-4a16-a0f6-8f13560a10b6,person,d1135fe4-153c-4afd-818a-48ac2a89b751
32983a03-47d8-4a16-a0f6-8f13560a10b6,location,40f65c21-ecb0-4912-8c3c-07bb81234b10
32983a03-47d8-4a16-a0f6-8f13560a10b6,location,5e412cfd-6b01-4367-85fd-9082dd93345b
32983a03-47d8-4a16-a0f6-8f13560a10b6,person,8fb00d67-0ddc-43d2-8228-1c6527fff3b0
32983a03-47d8-4a16-a0f6-8f13560a10b6,location,d86d6c95-147a-4a3e-b492-924256745cd0
32983a03-47d8-4a16-a0f6-8f13560a10b6,person,0b085c55-5431-4cd4-89d1-af1bf1b5e817
ecf4d481-0df2-47f9-9498-13354b1263d0,person,8a1ba378-bed2-4c33-98cf-337bed053155
ecf4d481-0df2-47f9-9498-13354b1263d0,organization,5e928403-6b29-429a-903e-f97dbd197380
ecf4d481-0df2-47f9-9498-13354b1263d0,person,63c63da3-bf47-45bc-b960-386a724380e3
ecf4d481-0df2-47f9-9498-13354b1263d0,person,79ed28f0-e91e-42aa-99a2-3d50bbaab49c
ecf4d481-0df2-47f9-9498-13354b1263d0,person,11bd1888-7d7a-4e9a-885e-5b520d6e707a
d63a1044-f30b-4e86-ac71-fb11dd192024,person,79ed28f0-e91e-42aa-99a2-3d50bbaab49c
d63a1044-f30b-4e86-ac71-fb11dd192024,person,11bd1888-7d7a-4e9a-885e-5b520d6e707a
d63a1044-f30b-4e86-ac71-fb11dd192024,person,a6110f50-15c1-4b11-a6a4-ff689cb85f9b
eb1bc813-33d0-467b-9cf6-eeaf46719f2e,person,79ed28f0-e91e-42aa-99a2-3d50bbaab49c
eb1bc813-33d0-467b-9cf6-eeaf46719f2e,person,c720f3d0-8a2b-40dc-a1ce-ab1ded3bd3c1
eb1bc813-33d0-467b-9cf6-eeaf46719f2e,person,29fba4bf-23c6-494b-ac0c-24807071f741
eb1bc813-33d0-467b-9cf6-eeaf46719f2e,person,4501be01-12e8-4cc4-aff9-099f92243167
eb1bc813-33d0-467b-9cf6-eeaf46719f2e,location,63e333d2-873a-4f61-bc36-30e175fece18
eb1bc813-33d0-467b-9cf6-eeaf46719f2e,location,70e0bcd3-97ce-4d4d-8a36-04a7ffee830d
eb1bc813-33d0-467b-9cf6-eeaf46719f2e,location,dd053aa6-63a7-43c3-9767-efec9a09a0cb
9d220e94-86d8-4842-b467-3ffc2f320ba2,person,79ed28f0-e91e-42aa-99a2-3d50bbaab49c
a18ed685-8790-4099-9553-1c10d5fee665,person,c4273b34-7eca-4ca6-b365-0c776eeaa733
47356aaf-0755-4d5d-8a7c-1d7e86050610,person,519c0ad2-5afa-46bb-b619-239e77bfb342
47356aaf-0755-4d5d-8a7c-1d7e86050610,person,79ed28f0-e91e-42aa-99a2-3d50bbaab49c
dd9f9e76-c066-4371-b9af-3049683e51f5,person,79ed28f0-e91e-42aa-99a2-3d50bbaab49c
8c167848-b5e9-4668-bd91-70b621e5cc29,person,79ed28f0-e91e-42aa-99a2-3d50bbaab49c
3aab62e4-1f2e-46d6-837a-8d3e9896ce15,person,79ed28f0-e91e-42aa-99a2-3d50bbaab49c
6a0adab5-952c-4812-af51-c21e15b98d32,organization,4ae25353-5ebb-4725-936a-84b5eb4684e4
6a0adab5-952c-4812-af51-c21e15b98d32,organization,20f6287a-ce19-4c44-a053-ffca027a45fe
ccfa3405-fe84-407f-9426-42cb4f434c5b,person,40f1bbfa-f375-4a65-84d9-1290fd02a3c7
ccfa3405-fe84-407f-9426-42cb4f434c5b,location,817b7b25-c6eb-40e3-82d7-1f1a8ec954df
ccfa3405-fe84-407f-9426-42cb4f434c5b,location,b900cb20-350d-4e77-9b51-ead32ac80f82
ccfa3405-fe84-407f-9426-42cb4f434c5b,location,da0aa993-fcb9-4246-8493-46809205ea0d
9eb1937f-e77a-4413-8173-9a72db99cc3e,person,11bd1888-7d7a-4e9a-885e-5b520d6e707a
9eb1937f-e77a-4413-8173-9a72db99cc3e,location,5d97703d-8119-49ad-b9f1-6314ad52ff6e
9eb1937f-e77a-4413-8173-9a72db99cc3e,location,940fe124-7f42-40ac-9ad8-a3250e39adee
9eb1937f-e77a-4413-8173-9a72db99cc3e,location,70e0bcd3-97ce-4d4d-8a36-04a7ffee830d
9eb1937f-e77a-4413-8173-9a72db99cc3e,person,263cd0a4-1eb2-40dd-bc67-5f29a40bf232
9eb1937f-e77a-4413-8173-9a72db99cc3e,person,79ed28f0-e91e-42aa-99a2-3d50bbaab49c
a86bd266-252f-41de-bcd2-ba4a952edff4,person,79ed28f0-e91e-42aa-99a2-3d50bbaab49c
a86bd266-252f-41de-bcd2-ba4a952edff4,person,72a05873-c2c7-4de6-b5e2-ae6c2abcf2d3
477415ec-d894-44ae-818a-cfad625ec37e,person,88104dd5-1222-48ac-9605-7aed3c467807
477415ec-d894-44ae-818a-cfad625ec37e,person,79ed28f0-e91e-42aa-99a2-3d50bbaab49c
c11faa2d-5120-489f-b024-f10f49a7388b,person,11bd1888-7d7a-4e9a-885e-5b520d6e707a
c11faa2d-5120-489f-b024-f10f49a7388b,person,fde588b5-df10-4009-996f-4214043e5db1
c11faa2d-5120-489f-b024-f10f49a7388b,person,79ed28f0-e91e-42aa-99a2-3d50bbaab49c
dd05c853-d91f-4d0c-b911-c3c6392ffc68,person,11bd1888-7d7a-4e9a-885e-5b520d6e707a
dd05c853-d91f-4d0c-b911-c3c6392ffc68,person,ce5c18be-853d-4a3a-a68a-5e392799792e
dd05c853-d91f-4d0c-b911-c3c6392ffc68,person,8bebb50c-a8ad-4a18-8b1d-7c206c3862c3
dd05c853-d91f-4d0c-b911-c3c6392ffc68,person,fdea51c7-a6b8-47db-b18f-1a5e375a96d3
dd05c853-d91f-4d0c-b911-c3c6392ffc68,person,79ed28f0-e91e-42aa-99a2-3d50bbaab49c
dd05c853-d91f-4d0c-b911-c3c6392ffc68,location,0e83b9aa-83d6-4a27-884b-ef29120748e8
4843a049-7376-4bd5-857b-4862b9d911f6,person,520138a2-a693-433f-ab2d-0fbe191ece6a
4843a049-7376-4bd5-857b-4862b9d911f6,person,e49a542a-d5c6-4ea0-ac32-fdc625cf6f79
4843a049-7376-4bd5-857b-4862b9d911f6,person,11bd1888-7d7a-4e9a-885e-5b520d6e707a
4843a049-7376-4bd5-857b-4862b9d911f6,person,c0e0e416-395a-4b3f-ae3b-e08370770af9
4843a049-7376-4bd5-857b-4862b9d911f6,person,c26244fc-a617-47ef-8221-7d476f8604c5
4843a049-7376-4bd5-857b-4862b9d911f6,person,067b26b7-e3d8-4a2f-b684-da52894c8c9b
4843a049-7376-4bd5-857b-4862b9d911f6,person,daa03237-51b1-4c72-8461-9ec5385b6636
4843a049-7376-4bd5-857b-4862b9d911f6,person,652940bb-c99a-4ba9-a09a-eeb728c03372
4843a049-7376-4bd5-857b-4862b9d911f6,person,26343b14-5fbc-46dd-8268-d638cc5ef953
23d45700-2bf3-48ab-95cb-f74bf89a4413,person,11bd1888-7d7a-4e9a-885e-5b520d6e707a
23d45700-2bf3-48ab-95cb-f74bf89a4413,person,520138a2-a693-433f-ab2d-0fbe191ece6a
23d45700-2bf3-48ab-95cb-f74bf89a4413,location,a2924cc8-234e-4e5f-a515-d64d53573752
23d45700-2bf3-48ab-95cb-f74bf89a4413,person,79ed28f0-e91e-42aa-99a2-3d50bbaab49c
23d45700-2bf3-48ab-95cb-f74bf89a4413,person,4e670761-2a77-4bb3-bdc6-c26a04f263e5
2a6434cb-a653-4e7e-915e-b3a72e714b02,person,11bd1888-7d7a-4e9a-885e-5b520d6e707a
963d0318-feba-4e8a-bed2-54f5479e9896,program,3563c0f8-286d-498e-9432-d35e97cf63fe
f2ca94c9-31ba-47c9-ab63-fa2aa1300c6e,person,0b085c55-5431-4cd4-89d1-af1bf1b5e817
414914ba-9fbd-4a48-b80b-7dce502f0874,person,11bd1888-7d7a-4e9a-885e-5b520d6e707a
414914ba-9fbd-4a48-b80b-7dce502f0874,location,05fea7f2-a27a-4ff6-879d-dcc7db284ec7
414914ba-9fbd-4a48-b80b-7dce502f0874,location,9227587e-a519-48f5-a864-36121da3a894
414914ba-9fbd-4a48-b80b-7dce502f0874,person,79ed28f0-e91e-42aa-99a2-3d50bbaab49c
414914ba-9fbd-4a48-b80b-7dce502f0874,person,72a05873-c2c7-4de6-b5e2-ae6c2abcf2d3
6dfefec7-0594-4361-b981-19574cc548ee,person,11bd1888-7d7a-4e9a-885e-5b520d6e707a
6dfefec7-0594-4361-b981-19574cc548ee,person,79ed28f0-e91e-42aa-99a2-3d50bbaab49c
8cc03914-4bbb-49d9-903c-61a012fa635a,person,11bd1888-7d7a-4e9a-885e-5b520d6e707a
8cc03914-4bbb-49d9-903c-61a012fa635a,person,520138a2-a693-433f-ab2d-0fbe191ece6a
8cc03914-4bbb-49d9-903c-61a012fa635a,person,7e39e969-49ae-44b0-9d7d-2296c5a975dc
8cc03914-4bbb-49d9-903c-61a012fa635a,person,79ed28f0-e91e-42aa-99a2-3d50bbaab49c
8cc03914-4bbb-49d9-903c-61a012fa635a,person,fdea51c7-a6b8-47db-b18f-1a5e375a96d3
8cc03914-4bbb-49d9-903c-61a012fa635a,person,72a05873-c2c7-4de6-b5e2-ae6c2abcf2d3
8cc03914-4bbb-49d9-903c-61a012fa635a,person,daa03237-51b1-4c72-8461-9ec5385b6636
8cc03914-4bbb-49d9-903c-61a012fa635a,location,95c3fe40-b0d7-4934-9e7b-c6453682d650
8cc03914-4bbb-49d9-903c-61a012fa635a,location,303cb539-c215-4c94-a764-cdbd204e8d16
8cc03914-4bbb-49d9-903c-61a012fa635a,organization,2f3810ad-d473-4022-86cf-628527a463d5
8cc03914-4bbb-49d9-903c-61a012fa635a,organization,83e05a17-9aec-42ee-9454-57160f996b05
d1a28946-7909-4ffb-bd8c-e22d5e364dfe,person,11bd1888-7d7a-4e9a-885e-5b520d6e707a
d1a28946-7909-4ffb-bd8c-e22d5e364dfe,person,520138a2-a693-433f-ab2d-0fbe191ece6a
d1a28946-7909-4ffb-bd8c-e22d5e364dfe,location,cd01680f-ad4c-4b8c-8dff-54388fd6a51c
d1a28946-7909-4ffb-bd8c-e22d5e364dfe,organization,9569b5da-fc22-419e-ac53-f1d92e3b5311
a34ecfc4-1af5-46c7-accd-0dba7c16237d,person,79ed28f0-e91e-42aa-99a2-3d50bbaab49c
a34ecfc4-1af5-46c7-accd-0dba7c16237d,person,11bd1888-7d7a-4e9a-885e-5b520d6e707a
a34ecfc4-1af5-46c7-accd-0dba7c16237d,person,0b085c55-5431-4cd4-89d1-af1bf1b5e817
a34ecfc4-1af5-46c7-accd-0dba7c16237d,person,520138a2-a693-433f-ab2d-0fbe191ece6a
2ba8da4e-d42b-4d05-a1f3-ec885fb5a883,person,6325a622-9304-478f-b857-458d99e52fff
2ba8da4e-d42b-4d05-a1f3-ec885fb5a883,person,79ed28f0-e91e-42aa-99a2-3d50bbaab49c
2ba8da4e-d42b-4d05-a1f3-ec885fb5a883,person,11bd1888-7d7a-4e9a-885e-5b520d6e707a
4e532438-f837-480d-86e9-341385919fc4,person,d1135fe4-153c-4afd-818a-48ac2a89b751
4e532438-f837-480d-86e9-341385919fc4,person,78257952-bc9f-42d0-8564-21333bdb6ab4
4e532438-f837-480d-86e9-341385919fc4,person,263cd0a4-1eb2-40dd-bc67-5f29a40bf232
8fd3a5e9-3476-42d4-aa00-b740cca2f6c9,location,5a38de52-3d39-4a27-b825-1851fe49a643
8fd3a5e9-3476-42d4-aa00-b740cca2f6c9,location,a2842c68-b71c-4940-932e-d6f79325990f
0597f052-b630-40c6-bd34-4f6942e47d6c,location,cfaf62cc-21a5-4322-a19e-98d090ad0cf5
0597f052-b630-40c6-bd34-4f6942e47d6c,location,09250792-59cd-4de2-9bb9-1505a02e63ca
0597f052-b630-40c6-bd34-4f6942e47d6c,person,79ed28f0-e91e-42aa-99a2-3d50bbaab49c
0597f052-b630-40c6-bd34-4f6942e47d6c,person,11bd1888-7d7a-4e9a-885e-5b520d6e707a
0597f052-b630-40c6-bd34-4f6942e47d6c,person,e49a542a-d5c6-4ea0-ac32-fdc625cf6f79
0597f052-b630-40c6-bd34-4f6942e47d6c,person,40f1bbfa-f375-4a65-84d9-1290fd02a3c7
140c64ce-3599-46ea-87af-dfd611ca2120,person,79ed28f0-e91e-42aa-99a2-3d50bbaab49c
140c64ce-3599-46ea-87af-dfd611ca2120,person,40f1bbfa-f375-4a65-84d9-1290fd02a3c7
140c64ce-3599-46ea-87af-dfd611ca2120,location,388e81bb-fa05-463c-be90-ad9567547e7a
d29f3222-6fc1-4af0-8898-3eeb20e36c04,person,79ed28f0-e91e-42aa-99a2-3d50bbaab49c
d29f3222-6fc1-4af0-8898-3eeb20e36c04,person,11bd1888-7d7a-4e9a-885e-5b520d6e707a
d29f3222-6fc1-4af0-8898-3eeb20e36c04,person,29fba4bf-23c6-494b-ac0c-24807071f741
d29f3222-6fc1-4af0-8898-3eeb20e36c04,person,4e670761-2a77-4bb3-bdc6-c26a04f263e5
8d5b7941-ec8f-4ff3-a6ea-adfb1cde222a,person,be69bae2-96ff-4595-92a6-a831c8bec010
8d5b7941-ec8f-4ff3-a6ea-adfb1cde222a,person,79ed28f0-e91e-42aa-99a2-3d50bbaab49c
38e90c0b-9370-400b-ba57-85e97d096d5b,person,6f790c53-9404-4b7e-86de-4498a071899d
38e90c0b-9370-400b-ba57-85e97d096d5b,person,41cdc8cb-0dcc-4dc9-94ce-c0f2c33b41cb
f2ca94c9-31ba-47c9-ab63-fa2aa1300c6e,person,11bd1888-7d7a-4e9a-885e-5b520d6e707a
f2ca94c9-31ba-47c9-ab63-fa2aa1300c6e,person,40f1bbfa-f375-4a65-84d9-1290fd02a3c7
f2ca94c9-31ba-47c9-ab63-fa2aa1300c6e,person,72a05873-c2c7-4de6-b5e2-ae6c2abcf2d3
2db69812-0994-45c9-ade5-4e26b3e1ae3c,person,0a97d118-4433-4c10-a4e4-edff11e9703f
2db69812-0994-45c9-ade5-4e26b3e1ae3c,location,a2842c68-b71c-4940-932e-d6f79325990f
2db69812-0994-45c9-ade5-4e26b3e1ae3c,organization,d24e1968-a535-4ad4-b17e-08f6d7cf551e
2db69812-0994-45c9-ade5-4e26b3e1ae3c,person,11bd1888-7d7a-4e9a-885e-5b520d6e707a
9bb114e2-1cf8-442c-9991-903820db1c74,person,79ed28f0-e91e-42aa-99a2-3d50bbaab49c
9bb114e2-1cf8-442c-9991-903820db1c74,person,11bd1888-7d7a-4e9a-885e-5b520d6e707a
963d0318-feba-4e8a-bed2-54f5479e9896,person,be69bae2-96ff-4595-92a6-a831c8bec010
963d0318-feba-4e8a-bed2-54f5479e9896,person,11bd1888-7d7a-4e9a-885e-5b520d6e707a
cb257a2a-a9a4-4824-a0ab-b02fbcd1ae67,person,059c7d9a-358e-483a-a9a3-4dce5820c47a
414914ba-9fbd-4a48-b80b-7dce502f0874,location,3cea7b98-c0bd-48ff-a58d-aa393ae08fdc
8989ea75-bdd8-44c7-80dd-51027ead229e,person,79ed28f0-e91e-42aa-99a2-3d50bbaab49c
308e2955-3f1f-408e-85ad-ccf83838963d,person,79ed28f0-e91e-42aa-99a2-3d50bbaab49c
308e2955-3f1f-408e-85ad-ccf83838963d,person,40f1bbfa-f375-4a65-84d9-1290fd02a3c7
308e2955-3f1f-408e-85ad-ccf83838963d,organization,2e5b1a81-7845-4dab-a23f-83c38b0fa986
308e2955-3f1f-408e-85ad-ccf83838963d,organization,02b3f885-f91a-4184-9734-66823876a685
308e2955-3f1f-408e-85ad-ccf83838963d,person,72a05873-c2c7-4de6-b5e2-ae6c2abcf2d3
e4c3b08f-ddd5-484f-a906-6891e4e4d7de,person,a078b543-0069-4523-829b-03be8adf2828
e4c3b08f-ddd5-484f-a906-6891e4e4d7de,organization,a85aa1e3-d9a5-475f-b81e-100e26dcd87f
6de1902c-d89a-41c3-81ed-55fbce48f0cd,person,79ed28f0-e91e-42aa-99a2-3d50bbaab49c
29ef925a-884f-4a09-9ff6-272c8dccc1e7,organization,4ae25353-5ebb-4725-936a-84b5eb4684e4
29ef925a-884f-4a09-9ff6-272c8dccc1e7,person,0b085c55-5431-4cd4-89d1-af1bf1b5e817
29ef925a-884f-4a09-9ff6-272c8dccc1e7,person,79ed28f0-e91e-42aa-99a2-3d50bbaab49c
65960c70-ff7f-4727-871d-2a680e2f4547,person,32f526b6-b1f3-4cf7-bbb1-8428b223c505
65960c70-ff7f-4727-871d-2a680e2f4547,person,f57f348a-25f8-4be2-b1e2-711d1199839e
65960c70-ff7f-4727-871d-2a680e2f4547,location,0aa98437-739f-4345-ad0d-511ff6ab9412
9028593c-f210-48d9-8f8c-0d6e53fe5834,organization,4ae25353-5ebb-4725-936a-84b5eb4684e4
9028593c-f210-48d9-8f8c-0d6e53fe5834,person,72a05873-c2c7-4de6-b5e2-ae6c2abcf2d3
9028593c-f210-48d9-8f8c-0d6e53fe5834,person,79ed28f0-e91e-42aa-99a2-3d50bbaab49c
9028593c-f210-48d9-8f8c-0d6e53fe5834,person,40f1bbfa-f375-4a65-84d9-1290fd02a3c7
c0874039-da61-4757-976f-39a2c84be946,person,79ed28f0-e91e-42aa-99a2-3d50bbaab49c
c0874039-da61-4757-976f-39a2c84be946,person,11bd1888-7d7a-4e9a-885e-5b520d6e707a
c0874039-da61-4757-976f-39a2c84be946,person,fdea51c7-a6b8-47db-b18f-1a5e375a96d3
c0874039-da61-4757-976f-39a2c84be946,person,72a05873-c2c7-4de6-b5e2-ae6c2abcf2d3
c0874039-da61-4757-976f-39a2c84be946,person,40f1bbfa-f375-4a65-84d9-1290fd02a3c7
ef2f58a6-2cf4-45bb-87a6-a40309f3d0aa,person,79ed28f0-e91e-42aa-99a2-3d50bbaab49c
f5abe9c1-0e40-4537-aefd-321c8ed832c4,person,79ed28f0-e91e-42aa-99a2-3d50bbaab49c
cdf1ce6f-edba-4939-8c9b-b73e1d9dcd9b,person,11bd1888-7d7a-4e9a-885e-5b520d6e707a
cdf1ce6f-edba-4939-8c9b-b73e1d9dcd9b,person,8bebb50c-a8ad-4a18-8b1d-7c206c3862c3
cdf1ce6f-edba-4939-8c9b-b73e1d9dcd9b,person,79ed28f0-e91e-42aa-99a2-3d50bbaab49c
cdf1ce6f-edba-4939-8c9b-b73e1d9dcd9b,location,0f3501bd-3ad7-4f95-8500-07aa3ce067f7
4b364e63-fb48-45fa-b599-aa26e6629ff8,person,ce5c18be-853d-4a3a-a68a-5e392799792e
4b364e63-fb48-45fa-b599-aa26e6629ff8,location,fcd5a262-70ab-4079-a033-a0841f981ad4
4b364e63-fb48-45fa-b599-aa26e6629ff8,location,1f80a1b9-09f3-4d72-b8a9-571b8577fcdf
4b364e63-fb48-45fa-b599-aa26e6629ff8,person,11bd1888-7d7a-4e9a-885e-5b520d6e707a
4b364e63-fb48-45fa-b599-aa26e6629ff8,location,a2842c68-b71c-4940-932e-d6f79325990f
4b364e63-fb48-45fa-b599-aa26e6629ff8,person,fdea51c7-a6b8-47db-b18f-1a5e375a96d3
4b364e63-fb48-45fa-b599-aa26e6629ff8,location,f5a23f00-0564-4676-b965-fa43cb0169d7
4b364e63-fb48-45fa-b599-aa26e6629ff8,location,9c799729-e2d1-493a-a944-2a804c63c008
4b364e63-fb48-45fa-b599-aa26e6629ff8,person,63c63da3-bf47-45bc-b960-386a724380e3
4b364e63-fb48-45fa-b599-aa26e6629ff8,person,5b3cac3d-b1eb-4c56-8011-c4c341daa0f7
4b364e63-fb48-45fa-b599-aa26e6629ff8,location,a2924cc8-234e-4e5f-a515-d64d53573752
4b364e63-fb48-45fa-b599-aa26e6629ff8,person,7e39e969-49ae-44b0-9d7d-2296c5a975dc
4b364e63-fb48-45fa-b599-aa26e6629ff8,person,520138a2-a693-433f-ab2d-0fbe191ece6a
4b364e63-fb48-45fa-b599-aa26e6629ff8,person,72a05873-c2c7-4de6-b5e2-ae6c2abcf2d3
4b364e63-fb48-45fa-b599-aa26e6629ff8,location,03187b8d-a3ee-47de-b237-41bfb93e293e
4b364e63-fb48-45fa-b599-aa26e6629ff8,location,46749e09-1f04-4845-a5c3-9ebb25434794
4b364e63-fb48-45fa-b599-aa26e6629ff8,person,0b085c55-5431-4cd4-89d1-af1bf1b5e817
4b364e63-fb48-45fa-b599-aa26e6629ff8,location,2c74f886-1cd9-4fab-b344-f54f49aa4c6b
4b364e63-fb48-45fa-b599-aa26e6629ff8,person,c0e0e416-395a-4b3f-ae3b-e08370770af9
4b364e63-fb48-45fa-b599-aa26e6629ff8,person,c26244fc-a617-47ef-8221-7d476f8604c5
4b364e63-fb48-45fa-b599-aa26e6629ff8,location,36cb22b4-a5b4-49b2-89dd-0ec6daf88f0a
fab9dc98-97a9-489e-9f7e-1d568f5ff7ac,person,79ed28f0-e91e-42aa-99a2-3d50bbaab49c
fab9dc98-97a9-489e-9f7e-1d568f5ff7ac,person,11bd1888-7d7a-4e9a-885e-5b520d6e707a
e0f7e727-4069-49ce-b1bd-ff089da0d8d3,person,72a05873-c2c7-4de6-b5e2-ae6c2abcf2d3
e0f7e727-4069-49ce-b1bd-ff089da0d8d3,person,79ed28f0-e91e-42aa-99a2-3d50bbaab49c
e0f7e727-4069-49ce-b1bd-ff089da0d8d3,person,520138a2-a693-433f-ab2d-0fbe191ece6a
e0f7e727-4069-49ce-b1bd-ff089da0d8d3,person,11bd1888-7d7a-4e9a-885e-5b520d6e707a
cf8633ad-34ba-49b9-9e53-714228088194,person,79ed28f0-e91e-42aa-99a2-3d50bbaab49c
cf8633ad-34ba-49b9-9e53-714228088194,person,11bd1888-7d7a-4e9a-885e-5b520d6e707a
cf8633ad-34ba-49b9-9e53-714228088194,person,72a05873-c2c7-4de6-b5e2-ae6c2abcf2d3
cf8633ad-34ba-49b9-9e53-714228088194,organization,83e05a17-9aec-42ee-9454-57160f996b05
d9f1b415-c83f-4b2b-bd5a-40d4fef75993,person,11bd1888-7d7a-4e9a-885e-5b520d6e707a
d9f1b415-c83f-4b2b-bd5a-40d4fef75993,organization,83e05a17-9aec-42ee-9454-57160f996b05
d9f1b415-c83f-4b2b-bd5a-40d4fef75993,location,2c74f886-1cd9-4fab-b344-f54f49aa4c6b
d9f1b415-c83f-4b2b-bd5a-40d4fef75993,location,84de30d0-ae79-4e79-bd91-580a67a56ce9
d9f1b415-c83f-4b2b-bd5a-40d4fef75993,location,650d86e8-a7ca-4106-83d1-0f67e1e89574
d9f1b415-c83f-4b2b-bd5a-40d4fef75993,location,9227587e-a519-48f5-a864-36121da3a894
aea82867-37c8-44cf-95f7-8879d06cd5c3,person,11bd1888-7d7a-4e9a-885e-5b520d6e707a
aea82867-37c8-44cf-95f7-8879d06cd5c3,person,79ed28f0-e91e-42aa-99a2-3d50bbaab49c
c1821819-f973-43f5-b55f-e9c5836276e7,person,60728a93-af99-4c80-994a-a6e8c1bba47f
c1821819-f973-43f5-b55f-e9c5836276e7,person,11bd1888-7d7a-4e9a-885e-5b520d6e707a
c1821819-f973-43f5-b55f-e9c5836276e7,location,513d46f9-643f-4749-a4f5-7effa3d3941a
c1821819-f973-43f5-b55f-e9c5836276e7,person,73bc9723-7f35-4975-9bb7-5171ba121ec5
c1821819-f973-43f5-b55f-e9c5836276e7,person,520138a2-a693-433f-ab2d-0fbe191ece6a
c1821819-f973-43f5-b55f-e9c5836276e7,location,70e0bcd3-97ce-4d4d-8a36-04a7ffee830d
c1821819-f973-43f5-b55f-e9c5836276e7,location,5e412cfd-6b01-4367-85fd-9082dd93345b
c516e226-b969-44d3-a92c-ad69e1805f1c,person,11bd1888-7d7a-4e9a-885e-5b520d6e707a
76583472-a27e-4974-91f8-9cf4c9f8b51b,location,b4b5559c-f4ed-43dd-b15f-2c5d1aa71367
76583472-a27e-4974-91f8-9cf4c9f8b51b,location,5e412cfd-6b01-4367-85fd-9082dd93345b
76583472-a27e-4974-91f8-9cf4c9f8b51b,location,5a38de52-3d39-4a27-b825-1851fe49a643
76583472-a27e-4974-91f8-9cf4c9f8b51b,person,11bd1888-7d7a-4e9a-885e-5b520d6e707a
c5ef9844-a08a-4eed-828a-667a84d36fe9,person,11bd1888-7d7a-4e9a-885e-5b520d6e707a
c5ef9844-a08a-4eed-828a-667a84d36fe9,location,5e412cfd-6b01-4367-85fd-9082dd93345b
c5ef9844-a08a-4eed-828a-667a84d36fe9,location,95c3fe40-b0d7-4934-9e7b-c6453682d650
c5ef9844-a08a-4eed-828a-667a84d36fe9,person,059c7d9a-358e-483a-a9a3-4dce5820c47a
7f093e4d-1a87-4dff-aee5-047aca6b0e1b,person,11bd1888-7d7a-4e9a-885e-5b520d6e707a
7f093e4d-1a87-4dff-aee5-047aca6b0e1b,location,a6608bab-d91d-4513-9d3c-bcd79d9b5e02
d83658cc-3d48-43dd-a02c-5b45a82fd655,person,79ed28f0-e91e-42aa-99a2-3d50bbaab49c
d83658cc-3d48-43dd-a02c-5b45a82fd655,person,11bd1888-7d7a-4e9a-885e-5b520d6e707a
d83658cc-3d48-43dd-a02c-5b45a82fd655,organization,bde5c7c9-c742-4b3b-bbfd-fbe84fcfb414
bae98950-297e-4205-a053-fd0e4b1d12ae,person,86979af5-9604-4117-8af6-b821208d0af1
bae98950-297e-4205-a053-fd0e4b1d12ae,person,79ed28f0-e91e-42aa-99a2-3d50bbaab49c
4ba3226b-f6b9-4da5-bdde-6c726d232624,person,40f1bbfa-f375-4a65-84d9-1290fd02a3c7
4ba3226b-f6b9-4da5-bdde-6c726d232624,person,72a05873-c2c7-4de6-b5e2-ae6c2abcf2d3
4ba3226b-f6b9-4da5-bdde-6c726d232624,person,79ed28f0-e91e-42aa-99a2-3d50bbaab49c
4ba3226b-f6b9-4da5-bdde-6c726d232624,person,11bd1888-7d7a-4e9a-885e-5b520d6e707a
afb55f12-ea1a-46dd-a6a1-f90243550794,person,be69bae2-96ff-4595-92a6-a831c8bec010
ed6ac985-4675-4fbd-b27e-7a4b70fd72b1,person,be69bae2-96ff-4595-92a6-a831c8bec010
ca0a6fbc-5052-4b90-a7ad-49e18cb7663b,person,11bd1888-7d7a-4e9a-885e-5b520d6e707a
ca0a6fbc-5052-4b90-a7ad-49e18cb7663b,person,40f1bbfa-f375-4a65-84d9-1290fd02a3c7
ca0a6fbc-5052-4b90-a7ad-49e18cb7663b,person,72a05873-c2c7-4de6-b5e2-ae6c2abcf2d3
d2822c79-4b33-44bf-8c54-a8a17aab59ce,person,72a05873-c2c7-4de6-b5e2-ae6c2abcf2d3
d2822c79-4b33-44bf-8c54-a8a17aab59ce,person,40f1bbfa-f375-4a65-84d9-1290fd02a3c7
d2822c79-4b33-44bf-8c54-a8a17aab59ce,person,79ed28f0-e91e-42aa-99a2-3d50bbaab49c
e57ebbec-2171-441e-bb9e-ae8fef120e06,person,be69bae2-96ff-4595-92a6-a831c8bec010
e57ebbec-2171-441e-bb9e-ae8fef120e06,person,72a05873-c2c7-4de6-b5e2-ae6c2abcf2d3
e57ebbec-2171-441e-bb9e-ae8fef120e06,person,40f1bbfa-f375-4a65-84d9-1290fd02a3c7
e57ebbec-2171-441e-bb9e-ae8fef120e06,organization,be455fa7-28eb-4c7f-98e1-f82f6406b5bd
e57ebbec-2171-441e-bb9e-ae8fef120e06,location,f0fa22ec-d921-4188-85d0-a886957d1638
e57ebbec-2171-441e-bb9e-ae8fef120e06,location,ef2b334b-7169-4cd8-9fb1-892a48a2e8c9
e57ebbec-2171-441e-bb9e-ae8fef120e06,location,beb91645-c9a5-4030-962a-c606d27c8273
e57ebbec-2171-441e-bb9e-ae8fef120e06,location,b711cfd1-df56-4437-8da6-e0ae389cb67b
af350d1f-4dc1-4c98-8cb0-4cc06977eda4,person,be69bae2-96ff-4595-92a6-a831c8bec010
ca0a6fbc-5052-4b90-a7ad-49e18cb7663b,person,0b085c55-5431-4cd4-89d1-af1bf1b5e817
9d220e94-86d8-4842-b467-3ffc2f320ba2,location,be113126-616d-42f0-abfe-d2f2fb60a864
9d220e94-86d8-4842-b467-3ffc2f320ba2,person,11bd1888-7d7a-4e9a-885e-5b520d6e707a
9d220e94-86d8-4842-b467-3ffc2f320ba2,location,5e412cfd-6b01-4367-85fd-9082dd93345b
9d220e94-86d8-4842-b467-3ffc2f320ba2,person,40f1bbfa-f375-4a65-84d9-1290fd02a3c7
9d220e94-86d8-4842-b467-3ffc2f320ba2,person,72a05873-c2c7-4de6-b5e2-ae6c2abcf2d3
9d220e94-86d8-4842-b467-3ffc2f320ba2,person,169122ae-a437-42c6-bec9-14309c4c35cc
9d220e94-86d8-4842-b467-3ffc2f320ba2,person,be69bae2-96ff-4595-92a6-a831c8bec010
9d220e94-86d8-4842-b467-3ffc2f320ba2,person,94b54a3d-4f56-44bb-af09-9b8d4e367189
6472a8fa-8cfd-4231-8917-c0982052edcf,person,79ed28f0-e91e-42aa-99a2-3d50bbaab49c
6472a8fa-8cfd-4231-8917-c0982052edcf,organization,27b5f958-1cf2-40f5-b096-d50e60759571
6472a8fa-8cfd-4231-8917-c0982052edcf,person,11bd1888-7d7a-4e9a-885e-5b520d6e707a
6ca79bac-b110-499e-b455-8decd1d80d23,person,be69bae2-96ff-4595-92a6-a831c8bec010
6ca79bac-b110-499e-b455-8decd1d80d23,person,79ed28f0-e91e-42aa-99a2-3d50bbaab49c
6ca79bac-b110-499e-b455-8decd1d80d23,person,11bd1888-7d7a-4e9a-885e-5b520d6e707a
2a36eb62-21e6-4984-83b2-e80ec28b2bd7,person,79ed28f0-e91e-42aa-99a2-3d50bbaab49c
2a36eb62-21e6-4984-83b2-e80ec28b2bd7,person,0b085c55-5431-4cd4-89d1-af1bf1b5e817
2a36eb62-21e6-4984-83b2-e80ec28b2bd7,location,388e81bb-fa05-463c-be90-ad9567547e7a
2a36eb62-21e6-4984-83b2-e80ec28b2bd7,person,72a05873-c2c7-4de6-b5e2-ae6c2abcf2d3
2a36eb62-21e6-4984-83b2-e80ec28b2bd7,person,e49a542a-d5c6-4ea0-ac32-fdc625cf6f79
2a36eb62-21e6-4984-83b2-e80ec28b2bd7,person,32f526b6-b1f3-4cf7-bbb1-8428b223c505
7f552f32-f24e-4f8d-9ee8-c5f072073110,person,40f1bbfa-f375-4a65-84d9-1290fd02a3c7
7f552f32-f24e-4f8d-9ee8-c5f072073110,person,60728a93-af99-4c80-994a-a6e8c1bba47f
7f552f32-f24e-4f8d-9ee8-c5f072073110,person,79ed28f0-e91e-42aa-99a2-3d50bbaab49c
7f552f32-f24e-4f8d-9ee8-c5f072073110,organization,2e5b1a81-7845-4dab-a23f-83c38b0fa986
2ebafe00-6281-40a8-aa57-a39d38cffd4a,person,be69bae2-96ff-4595-92a6-a831c8bec010
dbe7a7d0-4893-440c-a341-6d43fa91d103,person,79ed28f0-e91e-42aa-99a2-3d50bbaab49c
dbe7a7d0-4893-440c-a341-6d43fa91d103,person,11bd1888-7d7a-4e9a-885e-5b520d6e707a
7c4cacf1-95b3-47ac-a606-bc93ea384ed5,person,6f790c53-9404-4b7e-86de-4498a071899d
7c4cacf1-95b3-47ac-a606-bc93ea384ed5,person,41cdc8cb-0dcc-4dc9-94ce-c0f2c33b41cb
7c4cacf1-95b3-47ac-a606-bc93ea384ed5,person,d978b0e2-6b1c-4295-9790-7afe2d1f1ea4
7c4cacf1-95b3-47ac-a606-bc93ea384ed5,person,9a1dc611-895d-4a21-a828-3e44020f5cdb
7c4cacf1-95b3-47ac-a606-bc93ea384ed5,person,11bd1888-7d7a-4e9a-885e-5b520d6e707a
7c4cacf1-95b3-47ac-a606-bc93ea384ed5,organization,4ae25353-5ebb-4725-936a-84b5eb4684e4
7c4cacf1-95b3-47ac-a606-bc93ea384ed5,person,79ed28f0-e91e-42aa-99a2-3d50bbaab49c
444e288b-4eeb-460e-aabf-ff7a53708773,person,059c7d9a-358e-483a-a9a3-4dce5820c47a
444e288b-4eeb-460e-aabf-ff7a53708773,person,cf40d2d8-40df-4d7c-91ff-d3aa86386d9d
444e288b-4eeb-460e-aabf-ff7a53708773,person,11bd1888-7d7a-4e9a-885e-5b520d6e707a
ffe71239-cd9c-44b0-8cc8-9f6e4e914ce5,person,11bd1888-7d7a-4e9a-885e-5b520d6e707a
ffe71239-cd9c-44b0-8cc8-9f6e4e914ce5,person,79ed28f0-e91e-42aa-99a2-3d50bbaab49c
c38c394c-e13d-457f-a1c0-2e35d85daefe,person,887565ce-c19f-4f36-b2ca-2b8f1f15aebe
c38c394c-e13d-457f-a1c0-2e35d85daefe,person,10a559a9-12ed-4f5d-8ac9-654d8fecbaca
c38c394c-e13d-457f-a1c0-2e35d85daefe,person,1bbefa72-4649-4b40-a00e-006faf6c4358
c38c394c-e13d-457f-a1c0-2e35d85daefe,person,ed5d82f0-3a6d-4f86-9dde-34f1b8378c24
c38c394c-e13d-457f-a1c0-2e35d85daefe,person,6638757c-ca70-4b25-ab9c-ee803d489930
c38c394c-e13d-457f-a1c0-2e35d85daefe,person,bb77b6b0-fcb6-4bdd-a802-9810d7d6ff11
c38c394c-e13d-457f-a1c0-2e35d85daefe,person,c90fc4eb-367e-4eb9-b67b-a249bd35830b
c38c394c-e13d-457f-a1c0-2e35d85daefe,person,f4591bc3-f352-4802-b854-91ae930507fc
c38c394c-e13d-457f-a1c0-2e35d85daefe,person,27df0fe5-4dcd-4179-a20a-22df76595036
c38c394c-e13d-457f-a1c0-2e35d85daefe,person,4731cdd5-0876-46b2-8896-9f8178b354f7
c38c394c-e13d-457f-a1c0-2e35d85daefe,person,39382c12-9764-403a-9f22-b15684fe89e0
c38c394c-e13d-457f-a1c0-2e35d85daefe,person,00776d1a-9685-4ea5-a254-a34647f8ca2b
c38c394c-e13d-457f-a1c0-2e35d85daefe,person,4b4aea0c-e644-424e-a939-663181b08c6a
c38c394c-e13d-457f-a1c0-2e35d85daefe,person,79b873f5-aed2-4fac-81bb-fb85c80e0b63
c38c394c-e13d-457f-a1c0-2e35d85daefe,person,63ba4707-4537-43da-9060-3907c274f9e5
c38c394c-e13d-457f-a1c0-2e35d85daefe,person,8c60e15c-075d-4206-ad05-5abc1376d363
c38c394c-e13d-457f-a1c0-2e35d85daefe,person,c64b85d3-c6e1-4867-98d6-4c8d9ef9be44
c38c394c-e13d-457f-a1c0-2e35d85daefe,person,a8f42083-bdba-4b79-8ac0-edde6d948853
c38c394c-e13d-457f-a1c0-2e35d85daefe,person,9050b3d0-5bae-4776-bf5b-efb5affdbd10
c38c394c-e13d-457f-a1c0-2e35d85daefe,person,776b2062-563e-4fee-b115-48e23a8b4f68
c38c394c-e13d-457f-a1c0-2e35d85daefe,person,3b6edc48-225b-4225-9bd0-0769d77dc8a6
c38c394c-e13d-457f-a1c0-2e35d85daefe,person,8c35f0d3-64b3-431f-a1a9-67f092e1edf4
c38c394c-e13d-457f-a1c0-2e35d85daefe,person,21c03acb-9e06-460e-bc8e-ea65b1612bdf
c38c394c-e13d-457f-a1c0-2e35d85daefe,person,e345c370-2661-421f-b5d6-f9085dbd2b56
7c4cacf1-95b3-47ac-a606-bc93ea384ed5,program,3563c0f8-286d-498e-9432-d35e97cf63fe
be888635-6cf2-41ff-9eed-6015ed67b517,person,11bd1888-7d7a-4e9a-885e-5b520d6e707a
be888635-6cf2-41ff-9eed-6015ed67b517,organization,d32b926d-066e-4069-b187-3b9b0eeac899
f2e0223f-18d8-4287-b4a0-43606e561589,person,11bd1888-7d7a-4e9a-885e-5b520d6e707a
f2e0223f-18d8-4287-b4a0-43606e561589,person,79ed28f0-e91e-42aa-99a2-3d50bbaab49c
f2e0223f-18d8-4287-b4a0-43606e561589,person,40f1bbfa-f375-4a65-84d9-1290fd02a3c7
f2e0223f-18d8-4287-b4a0-43606e561589,person,72a05873-c2c7-4de6-b5e2-ae6c2abcf2d3
f2e0223f-18d8-4287-b4a0-43606e561589,person,e49a542a-d5c6-4ea0-ac32-fdc625cf6f79
f2e0223f-18d8-4287-b4a0-43606e561589,person,32f526b6-b1f3-4cf7-bbb1-8428b223c505
f2e0223f-18d8-4287-b4a0-43606e561589,location,a2842c68-b71c-4940-932e-d6f79325990f
81d10c3c-fad9-42fd-8701-beacbb2b453e,person,6f790c53-9404-4b7e-86de-4498a071899d
81d10c3c-fad9-42fd-8701-beacbb2b453e,organization,4ae25353-5ebb-4725-936a-84b5eb4684e4
81d10c3c-fad9-42fd-8701-beacbb2b453e,person,41cdc8cb-0dcc-4dc9-94ce-c0f2c33b41cb
81d10c3c-fad9-42fd-8701-beacbb2b453e,person,79ed28f0-e91e-42aa-99a2-3d50bbaab49c
0717366b-8411-41fd-984d-db97f276b1d9,person,11bd1888-7d7a-4e9a-885e-5b520d6e707a
0717366b-8411-41fd-984d-db97f276b1d9,organization,4ae25353-5ebb-4725-936a-84b5eb4684e4
346467d4-4595-4263-afb2-9d30a8c0b4ac,person,11bd1888-7d7a-4e9a-885e-5b520d6e707a
346467d4-4595-4263-afb2-9d30a8c0b4ac,location,70e0bcd3-97ce-4d4d-8a36-04a7ffee830d
cb257a2a-a9a4-4824-a0ab-b02fbcd1ae67,person,11bd1888-7d7a-4e9a-885e-5b520d6e707a
cb257a2a-a9a4-4824-a0ab-b02fbcd1ae67,person,cd973382-4e3a-446d-bdb4-6f614b9a08fe
cb257a2a-a9a4-4824-a0ab-b02fbcd1ae67,location,0c742f82-d497-4b26-bfd9-6c4485865ed7
cb257a2a-a9a4-4824-a0ab-b02fbcd1ae67,location,5e412cfd-6b01-4367-85fd-9082dd93345b
5416625e-58b5-481e-bcd0-55826f43d881,person,11bd1888-7d7a-4e9a-885e-5b520d6e707a
602ca844-d355-4169-9118-9c1fdfeb1193,organization,dca4b238-8abc-4f71-9f6d-29dd75492286
1f213061-cadb-465a-8445-0a9de9979f6f,person,11bd1888-7d7a-4e9a-885e-5b520d6e707a
1f213061-cadb-465a-8445-0a9de9979f6f,person,79ed28f0-e91e-42aa-99a2-3d50bbaab49c
1530bfea-f862-4fce-8148-ccd179826725,person,4d6fdc61-dea6-4042-929b-0806b9132aa3
1530bfea-f862-4fce-8148-ccd179826725,person,5c7c3729-e519-4592-a638-309773000821
1530bfea-f862-4fce-8148-ccd179826725,person,73cd6c9f-b0c5-419e-ae36-e01310a70af4
1530bfea-f862-4fce-8148-ccd179826725,person,80352a40-7fd6-4037-902a-497ec4015e71
1530bfea-f862-4fce-8148-ccd179826725,person,864d28ae-362b-48c2-9199-d1373e467ebd
1530bfea-f862-4fce-8148-ccd179826725,person,9b09a281-ffe8-4a10-bb9b-91ad089b0af0
1530bfea-f862-4fce-8148-ccd179826725,person,c02c7ff3-6386-402f-81cb-380b4d53cfbe
196b124e-3b96-4837-9ac4-d2075af0d2df,person,864d28ae-362b-48c2-9199-d1373e467ebd
