note_id,filename,content_type,sort_order,id,created_at,updated_at
1cec7adf-ab26-460d-be7a-5dffab648136,image-1.png,image/png,0,8699e970-bed3-4c44-aaae-20745f3eba4d,2026-07-15 19:45:13.724814+00,2026-07-15 19:45:13.724814+00
22a77d82-32b4-469d-a3a0-988228da66fe,image.png,image/png,0,881277d5-5bb7-4e22-a3c3-4e2c9a25f424,2026-07-15 19:45:13.760114+00,2026-07-15 19:45:13.760114+00
f3ac350f-7ae8-4b92-a7fb-ac548af355c8,image1.jpeg,image/jpeg,0,221ec650-aef4-4fac-beac-2988064517a7,2026-07-15 19:45:13.793511+00,2026-07-15 19:45:13.793511+00
f3ac350f-7ae8-4b92-a7fb-ac548af355c8,image2.jpeg,image/jpeg,1,925b3036-160b-4943-8736-d2bb2c6f316c,2026-07-15 19:45:13.813307+00,2026-07-15 19:45:13.813307+00
745a11ee-c347-4af6-be91-6f31ac6db122,image3.jpeg,image/jpeg,0,7a18be29-657c-427b-8a58-35f69d38c9c0,2026-07-15 19:45:13.841716+00,2026-07-15 19:45:13.841716+00
aea82867-37c8-44cf-95f7-8879d06cd5c3,image4.png,image/png,0,a1021be4-43ce-4216-827a-a071b1cbbe85,2026-07-15 19:45:13.869771+00,2026-07-15 19:45:13.869771+00
aea82867-37c8-44cf-95f7-8879d06cd5c3,image5.png,image/png,1,1f58edca-ebf3-4986-a1b8-215731ed51ad,2026-07-15 19:45:13.883684+00,2026-07-15 19:45:13.883684+00
477415ec-d894-44ae-818a-cfad625ec37e,image6.jpeg,image/jpeg,0,98776593-37e1-4e82-a7d1-e7cee4e762a5,2026-07-15 19:45:13.907678+00,2026-07-15 19:45:13.907678+00
f892fd12-8cfc-44c3-a810-e19d0c839085,image7.png,image/png,0,b21958f8-7e33-4193-ace1-0c92d160b9fb,2026-07-15 19:45:13.929313+00,2026-07-15 19:45:13.929313+00
f892fd12-8cfc-44c3-a810-e19d0c839085,image8.png,image/png,1,706e78d2-59ea-40c3-9099-7f32538d0060,2026-07-15 19:45:13.939563+00,2026-07-15 19:45:13.939563+00
f892fd12-8cfc-44c3-a810-e19d0c839085,image9.png,image/png,1,d3d761bd-6bbf-427a-ad68-17cbdac517c9,2026-07-15 19:45:13.951729+00,2026-07-15 19:45:13.951729+00
f892fd12-8cfc-44c3-a810-e19d0c839085,image10.png,image/png,1,faa9741b-7362-48f2-8696-0fe57d6fae09,2026-07-15 19:45:13.96545+00,2026-07-15 19:45:13.96545+00
f892fd12-8cfc-44c3-a810-e19d0c839085,image11.png,image/png,1,93cffef0-c879-4a23-affc-8525b71734f5,2026-07-15 19:45:13.981736+00,2026-07-15 19:45:13.981736+00
